evidence_id,municipality,field,value,source_name,publisher,source_url,source_type,published_date,confirmed_date,confidence,verification_status,note
E001,共通,対象自治体（11市）,那覇/宜野湾/石垣/浦添/名護/糸満/沖縄/豊見城/うるま/宮古島/南城,市町村一覧,沖縄県,https://www.pref.okinawa.jp/kensei/shinko/1016703/1016705/1016773/1022609/1016816.html,1_自治体公式サイト,不明,2026-09-15,C,未検証（ドメイン遮断）,11市11町19村＝41市町村。市の一覧は検索結果と一致するが原資料未確認
E002,共通,人口（市町村別）,不明,令和7年国勢調査速報 沖縄県の人口と世帯数,沖縄県企画部統計課,https://www.pref.okinawa.lg.jp/toukeika/pc/2025/R07sokuhou.pdf,8_公的資料,2026-05-29,2026-09-15,C,未検証（ドメイン遮断）,PDF取得不可。人口の確定にはこの資料または沖縄県推計人口のいずれかに統一して採用すること
E003,共通,人口（推計・月次）,不明,沖縄県推計人口（令和7年12月1日現在）,沖縄県企画部統計課,https://www.pref.okinawa.jp/toukeika/estimates/2025/pop202512.pdf,8_公的資料,2025-12,2026-09-15,C,未検証（ドメイン遮断）,月次推計。国勢調査値と混在させないこと
E004,共通,自治体職員総数,不明,市町村職員数の状況,沖縄県,https://www.pref.okinawa.lg.jp/kensei/shinko/1016703/1016705/1016773/1022612/1016807.html,4_職員配置表・行政機構資料,不明,2026-09-15,C,未検証（ドメイン遮断）,Excel形式で市町村別職員数を掲載との情報。total_staffの第一候補出典
E005,共通,自治体職員総数（全国比較用）,不明,地方公共団体定員管理関係データ（令和6年）,総務省,https://www.soumu.go.jp/main_sosiki/jichi_gyousei/c-gyousei/teiin/251225data.html,8_公的資料,不明,2026-09-15,C,未検証（ドメイン遮断）,普通会計職員数の統一基準。E004と定義が異なる場合はこちらを優先
E006,共通,市町村行財政概況,不明,市町村行財政概況（第67集）令和6年3月,沖縄県,https://www.pref.okinawa.lg.jp/kensei/shinko/1016703/1016705/1016767/1027027/1029992.html,8_公的資料,2024-03,2026-09-15,C,未検証（ドメイン遮断）,財政規模（交絡要因3）の出典候補
E007,共通,県の市町村DX支援,不明,沖縄県DX人材確保育成市町村支援事業,沖縄県,https://www.pref.okinawa.lg.jp/machizukuri/johoif/1013564/1013572.html,8_公的資料,不明,2026-09-15,C,未検証（ドメイン遮断）,交絡要因10（県の支援事業）の確認先
E008,共通,県・市町村の連携体制,不明,沖縄県・市町村DX推進連絡会,沖縄県,https://www.pref.okinawa.lg.jp/machizukuri/johoif/1013564/1013571.html,8_公的資料,不明,2026-09-15,C,未検証（ドメイン遮断）,11市の参加状況・取組共有資料が入手できる可能性あり
E009,共通,CIO補佐官等の制度,不明,自治体DXの推進／デジタル人材の確保・育成,総務省,https://www.soumu.go.jp/denshijiti/dejitarujinzai.html,8_公的資料,不明,2026-09-15,C,未検証（ドメイン遮断）,V-2判定の制度的背景。CIO補佐官等の任用は特別交付税措置の対象
E101,那覇市,dx_department,企画財務部 企画調整課 DX推進室,DX推進室,那覇市,https://www.city.naha.okinawa.jp/soshiki/0002/00020001/000200010006/index.html,1_自治体公式サイト,不明,2026-09-15,C,未検証（ドメイン遮断）,令和4年4月に企画調整課デジタル化推進室から改称との情報。組織階層は課内室 ／※D020 で一次資料確認済（確度更新）
E102,那覇市,info_policy_department,企画財務部 情報政策課,情報政策課,那覇市,https://www.city.naha.okinawa.jp/admin/cityhall/sosiki/sosiki/bukyoku/kikakuzaimubu/jseisaku.html,1_自治体公式サイト,不明,2026-09-15,C,未検証（ドメイン遮断）,情報システム標準化・共通化および行政手続オンライン化を所掌との情報 ／※D021 で一次資料確認済（確度更新）
E103,那覇市,org_hierarchy,不明,組織機構図,那覇市,https://www.city.naha.okinawa.jp/admin/administration/sosikikouseizu/sosikikikouzu.html,3_組織機構図,不明,2026-09-15,C,未検証（ドメイン遮断）,係構成・部課室の正確な階層はこの資料で確定すること
E104,那覇市,total_staff,不明,那覇市の給与・定員管理等の公表,那覇市,https://www.city.naha.okinawa.jp/admin/kansa/kyuuyoteiinkouhyou/kyuyoteiinkanri.html,4_職員配置表・行政機構資料,不明,2026-09-15,C,未検証（ドメイン遮断）,職員総数の出典。部署別内訳の有無は要確認
E105,那覇市,dx_plan,那覇市DX推進計画,那覇市DX推進計画を策定しました,那覇市,https://www.city.naha.okinawa.jp/admin/kaikaku/digital/naha_dxplan.html,2_DX推進計画,不明,2026-09-15,C,未検証（ドメイン遮断）,I-1・I-2・I-4の判定資料
E106,那覇市,III-2_RPA・AI-OCR,不明,令和7年度 AI・RPAを活用した業務の自動化推進事業に係る企画提案型公募,那覇市,https://www.city.naha.okinawa.jp/admin/kaikaku/digital/2025_RPA.html,1_自治体公式サイト,2025年度,2026-09-15,C,未検証（ドメイン遮断）,令和7年度＝2025年度。III-2の判定資料候補
E107,那覇市,cio_advisor,不明,地域情報化アドバイザー登録者情報,総務省,https://www.soumu.go.jp/main_content/001017678.pdf,8_公的資料,不明,2026-09-15,C,未検証（ドメイン遮断）,那覇市DX推進室長が登録されているとの情報。V-2の判定には市側の任用実態の確認が必要 ／※D024 で一次資料確認済（確度更新）
E201,宜野湾市,dx_department,企画部 デジタル推進課,デジタル推進課,宜野湾市,https://www.city.ginowan.lg.jp/soshiki/kikaku/digitalsuishin/index.html,1_自治体公式サイト,不明,2026-09-15,C,未検証（ドメイン遮断）,電子自治体推進施策の企画立案・総合調整等を所掌との情報
E202,宜野湾市,dx_plan,宜野湾市DX推進計画,宜野湾市DX（デジタル・トランスフォーメーション）推進計画,宜野湾市,https://www.city.ginowan.lg.jp/soshiki/kikaku/digitalsuishin/2/1/1/14257.html,2_DX推進計画,不明,2026-09-15,C,未検証（ドメイン遮断）,基本計画と実施計画の二部構成。実施計画は個別事業を記載＝I-4判定の有力資料
E203,宜野湾市,org_hierarchy,不明,宜野湾市行政組織図一覧,宜野湾市,https://www.city.ginowan.lg.jp/shisei/shokai/3/4798.html,3_組織機構図,不明,2026-09-15,C,未検証（ドメイン遮断）,係構成の確定に使用
E204,宜野湾市,参考,不明,持続可能な『まちづくり』に向けたDX推進計画に関する調査研究,一般財団法人 地方自治研究機構,https://www.rilg.or.jp/htdocs/uploads/protect/R4_chousa/R4_10.pdf,8_公的資料,2023-03,2026-09-15,C,未検証（ドメイン遮断）,宜野湾市との共同調査研究。推進体制の記述を含む可能性が高く体制調査の有力資料
E301,石垣市,dx_department,企画部 DX推進課（DX係）,DX推進課,石垣市,https://www.city.ishigaki.okinawa.jp/soshiki/dx/index.html,1_自治体公式サイト,不明,2026-09-15,C,未検証（ドメイン遮断）,電話0980-83-1672。課の下にDX係 ／※D052 で一次資料確認済（確度更新）
E302,石垣市,dx_plan,石垣市デジタル化推進計画,石垣市デジタル化推進計画,石垣市企画部DX課,https://www.city.ishigaki.okinawa.jp/material/files/group/1/dx_plan.pdf,2_DX推進計画,2022-04,2026-09-15,C,未検証（ドメイン遮断）,策定時の部署名は「企画部DX課」。I-2（現行性）の判定に計画期間の確認が必須 ／※D053 で一次資料確認済（確度更新）
E303,石垣市,各部署の業務内容,不明,各部署の業務内容と直通電話番号,石垣市,https://www.city.ishigaki.okinawa.jp/soshiki/dx/4/7947.html,3_組織機構図,不明,2026-09-15,C,未検証（ドメイン遮断）,係単位の事務分掌が得られる可能性あり
E401,浦添市,info_policy_department,企画部 情報政策課,情報政策課,浦添市,https://www.city.urasoe.lg.jp/soshiki/kikakubu/johoseisakuka/,1_自治体公式サイト,不明,2026-09-15,C,未検証（ドメイン遮断）,電子計算業務・情報政策の企画推進を所掌との情報
E402,浦添市,bpr_department,行政改革推進課,行政改革推進課,浦添市,https://www.city.urasoe.lg.jp/soshiki/kikakubu/gyoseikaikakusuishinka/,1_自治体公式サイト,不明,2026-09-15,C,未検証（ドメイン遮断）,行財政改革課とデジタルシティ推進室の統合により新設との情報があるが年度表記が不確実。要検証 ／※D042 で一次資料確認済（確度更新）
E403,浦添市,旧デジタルシティ推進室,不明,デジタルシティ推進室,浦添市,https://www.city.urasoe.lg.jp/doc/60d1978664667334e2f67f08/,1_自治体公式サイト,不明,2026-09-15,C,未検証（ドメイン遮断）,現存するか改組されたかの確認が必要
E404,浦添市,dx_plan,浦添市DX推進計画 基本構想,浦添市DX推進計画 基本構想,浦添市,https://www.city.urasoe.lg.jp/doc/2025061100078/file_contents/file_20256264162226_1.pdf,2_DX推進計画,2025-04-01,2026-09-15,C,未検証（ドメイン遮断）,令和7年4月1日付。業務改善・働き方改革/市民サービス/政策実効性/基盤（組織・システム・人材）の4視点
E405,浦添市,org_hierarchy,不明,組織一覧,浦添市,https://www.city.urasoe.lg.jp/doc/609e71013d59ae2434bfd949/,3_組織機構図,不明,2026-09-15,C,未検証（ドメイン遮断）,現行組織の確定に使用
E406,浦添市,V-1_デジタル人材育成,不明,浦添市地域DX人材育成講座,浦添市／BlueMemeグループ,https://sites.google.com/agiledx.community/urasoedx/,9_報道・その他,不明,2026-09-15,C,未検証（ドメイン遮断）,地域人材育成であり庁内職員育成とは別。V-1判定では区別すること
E501,名護市,bpr_department,総務部 業務改善推進室,業務改善推進室,名護市,https://www.city.nago.okinawa.jp/soshiki/soumubu/gyoumukaizensuishin/,1_自治体公式サイト,不明,2026-09-15,C,未検証（ドメイン遮断）,業務改善・庁内DX推進・個人番号制度の総括を所掌との情報。庁内DXの主管 ／※D055 で一次資料確認済（確度更新）
E502,名護市,info_policy_department,企画部 情報政策課,情報政策課,名護市,https://www.city.nago.okinawa.jp/soshiki/kikaku/jouhouseisaku/more.html,1_自治体公式サイト,不明,2026-09-15,C,未検証（ドメイン遮断）,情報政策係と統計係で構成との情報。統計係は機能区分④に該当し①から除外すべき
E503,名護市,dx_plan,名護市DX推進計画,名護市DX推進計画,名護市,https://www.city.nago.okinawa.jp/articles/2023042400025/file_contents/DXsuishin.pdf,2_DX推進計画,2023-03,2026-09-15,C,未検証（ドメイン遮断）,推進体制の章を含む可能性が高い。体制調査の有力資料
E504,名護市,計画策定の委託,不明,名護市DX推進計画策定支援業務仕様書,名護市,https://www.city.nago.okinawa.jp/articles/2022051100018/file_contents/shiyousho_Ver_20220516.pdf,5_当初予算・主要事業,2022-05,2026-09-15,C,未検証（ドメイン遮断）,交絡要因5（外部委託）の確認資料
E601,糸満市,info_policy_department,企画部 情報政策課（ＩＴ推進係・システム管理係）,情報政策課,糸満市,https://www.city.itoman.lg.jp/soshiki/8/,1_自治体公式サイト,不明,2026-09-15,C,未検証（ドメイン遮断）,ＩＴ推進係＝機能区分①寄り／システム管理係＝機能区分②寄りと推定されるが要検証
E602,糸満市,dx_plan,糸満市ＤＸ推進方針,糸満市ＤＸ推進方針,糸満市,https://www.city.itoman.lg.jp/soshiki/8/22449.html,2_DX推進計画,不明,2026-09-15,C,未検証（ドメイン遮断）,「計画」ではなく「方針」。I-1の判定に注意（独立文書なら6点） ／※D054 で一次資料確認済（確度更新）
E603,糸満市,org_hierarchy,不明,糸満市行政機構図（令和４年度）,糸満市,https://www.city.itoman.lg.jp/uploaded/attachment/5588.pdf,3_組織機構図,2022年度,2026-09-15,C,未検証（ドメイン遮断）,プロジェクトチームの記載あり。ただし令和4年度版のため最新版の確認が必要
E604,糸満市,行政組織図・事務分掌,不明,糸満市の行政組織図・事務分掌,糸満市,https://www.city.itoman.lg.jp/soshiki/7/2205.html,3_組織機構図,不明,2026-09-15,C,未検証（ドメイン遮断）,係別事務分掌により機能区分①〜④の分離が可能か確認する
E701,沖縄市,dx_department,DX戦略室 DX推進課,DX戦略室 DX推進課,沖縄市,https://www.city.okinawa.okinawa.jp/k010-004/contents/p00005.html,1_自治体公式サイト,不明,2026-09-15,C,未検証（ドメイン遮断）,「室」の下に「課」を置く構成。11市中で最も上位階層のDX組織である可能性 ／※D056 で一次資料確認済（確度更新）
E702,沖縄市,info_policy_department,情報システム課,情報システム課,沖縄市,https://www.city.okinawa.okinawa.jp/k013/shiseijouhou/gaiyou/soshikiannai/organize/965/970.html,1_自治体公式サイト,不明,2026-09-15,C,未検証（ドメイン遮断）,DX推進課と情報システム課が分離＝機能区分①と②の分離が確認できる可能性が高い
E703,沖縄市,dx_plan,沖縄市DX推進計画,沖縄市DX推進計画の概要,沖縄市,https://www.city.okinawa.okinawa.jp/documents/16478/dxsuishinkeikakugaiyou.pdf,2_DX推進計画,不明,2026-09-15,C,未検証（ドメイン遮断）,計画年次2022年度〜2026年度の5年間との情報。調査時点で最終年度＝I-2の判定に注意
E704,沖縄市,VI-3_オープンデータ,不明,沖縄市データポータルサイト,沖縄市,https://www.city.okinawa.okinawa.jp/k010-004/contents/p00014.html,1_自治体公式サイト,不明,2026-09-15,C,未検証（ドメイン遮断）,VI-3の判定資料。推奨データセットの公開状況と更新頻度を確認すること
E705,沖縄市,org_hierarchy,不明,組織一覧,沖縄市,https://www.city.okinawa.okinawa.jp/k010-003/shiseijouhou/gaiyou/soshikiannai/organize/index.html,3_組織機構図,不明,2026-09-15,C,未検証（ドメイン遮断）,DX戦略室の全体構成の確定に使用
E801,豊見城市,dx_department,総務企画部 デジタル推進課,デジタル推進課,豊見城市,https://www.city.tomigusuku.lg.jp/soshiki/1/1007/index.html,1_自治体公式サイト,不明,2026-09-15,C,未検証（ドメイン遮断）,電話098-850-0246
E802,豊見城市,首長方針,豊見城市デジタルファースト宣言,「豊見城市デジタルファースト宣言」について,豊見城市,https://www.city.tomigusuku.lg.jp/soshiki/1/1007/gyomuannai/8/1/1/780.html,1_自治体公式サイト,不明,2026-09-15,C,未検証（ドメイン遮断）,交絡要因7（首長・経営層の方針）の資料。宣言＝計画ではないためI-1の判定には別途計画の確認が必要
E901,うるま市,dx_department,DX推進課,DX推進課,うるま市,https://www.city.uruma.lg.jp/1002004000/contents/2309.html,1_自治体公式サイト,不明,2026-09-15,C,未検証（ドメイン遮断）,電子計算業務・自治体DX・マイナンバー制度・情報提供NWシステム・情報施策の企画推進・情報通信NWを所掌との情報。①②③が同一課に混在
E902,うるま市,bpr_department,事務事業イノベーション推進室,各課のご案内,うるま市,https://www.city.uruma.lg.jp/1001004000/contents/863.html,1_自治体公式サイト,不明,2026-09-15,C,未検証（ドメイン遮断）,DX推進課と同じ西棟3階に所在との情報。IV-1の判定資料 ／※D051 で一次資料確認済（確度更新）
E903,うるま市,推進本部,うるま市DX推進本部,うるま市DX推進本部設置要綱,うるま市,https://www1.g-reiki.net/uruma/reiki_honbun/r170RG00002011.html,1_自治体公式サイト,不明,2026-09-15,C,未検証（ドメイン遮断）,要綱を確認できればI-3は5点（規程確認）の要件を満たす ／※D050 で一次資料確認済（確度更新）
E904,うるま市,dx_plan,地域情報化計画,地域情報化計画について,うるま市,https://www.city.uruma.lg.jp/1002004000/contents/1813.html,2_DX推進計画,不明,2026-09-15,C,未検証（ドメイン遮断）,「地域情報化計画」であり自治体DX推進計画とは異なる可能性。I-1の判定に注意
E905,うるま市,DX推進方針,不明,「デジタル田園都市国家構想」に関するDXの推進について,うるま市,https://www.city.uruma.lg.jp/documents/675/siryou3dxnosuisinnnituite.pdf,1_自治体公式サイト,不明,2026-09-15,C,未検証（ドメイン遮断）,推進体制図を含む可能性あり
E1001,宮古島市,info_policy_department,企画政策部 情報政策課,情報政策課,宮古島市,https://www.city.miyakojima.lg.jp/soshiki/shityo/kikaku/jyouhou/,1_自治体公式サイト,不明,2026-09-15,C,未検証（ドメイン遮断）,市DX推進・高度情報化の企画調整を所掌との情報。DX専任組織ではなく情報政策課が兼務
E1002,宮古島市,推進本部,市デジタル化推進本部,情報政策課,宮古島市,https://www.city.miyakojima.lg.jp/soshiki/shityo/kikaku/jyouhou/index.html,1_自治体公式サイト,2021-06,2026-09-15,C,未検証（ドメイン遮断）,令和3年6月設置・情報政策課が事務局との情報。I-3の判定には設置要綱の確認が必要
E1003,宮古島市,VI-3_オープンデータ,不明,宮古島市オープンデータ,宮古島市,https://www.city.miyakojima.lg.jp/soshiki/shityo/kikaku/jyouhou/2023-01_opendata.html,1_自治体公式サイト,不明,2026-09-15,C,未検証（ドメイン遮断）,VI-3の判定資料
E1101,南城市,dx_department,企画部 DX推進課,《令和4年4月より》DX推進課の新設、企画部内の体制について,南城市,https://www.city.nanjo.okinawa.jp/shisei/gyoukaku/1648425409/1648424956/,1_自治体公式サイト,2022-04,2026-09-15,C,未検証（ドメイン遮断）,令和4年4月新設。設置経過年数（交絡要因8）が特定できる貴重な資料。体制の記述を含む可能性が高い ／※D057 で一次資料確認済（確度更新）
E1102,南城市,dx_plan,南城市DX推進計画,南城市DX推進計画,南城市,https://www.city.nanjo.okinawa.jp/userfiles/files/dxsuishinkeikaku.pdf,2_DX推進計画,不明,2026-09-15,C,未検証（ドメイン遮断）,計画本体PDF。I-1〜I-4の判定資料
E1103,南城市,関連計画,第３次情報化基本計画,第３次情報化基本計画,南城市,https://www.city.nanjo.okinawa.jp/shisei/keikaku/kakusyu/jouhou/jouhou3/,2_DX推進計画,不明,2026-09-15,C,未検証（ドメイン遮断）,DX推進計画との関係（併存か後継か）を確認すること
E1104,南城市,org_hierarchy,不明,組織一覧,南城市,http://www.city.nanjo.okinawa.jp/shisei/post/,3_組織機構図,不明,2026-09-15,C,未検証（ドメイン遮断）,情報政策担当部署の特定に使用
D001,石垣市,dx_info_staff,5,令和6年度 自治体DX・情報化推進概要 個別資料【R06個別資料】（１）自治体DXの推進体制等（市区町村）.xlsx,総務省,https://www.soumu.go.jp/main_content/001048599.zip,8_公的資料,2025-12,2026-09-16,A,検証済（第3回DR・一次資料直接確認）,シート1_組織体制（８）DX推進担当課室・情報政策担当課室の職員数。Excel 1755行「沖縄県／石垣市／5」。基準日2024-04-01。DX専任人数ではなく情報政策担当を含む広義値
D002,名護市,dx_info_staff,14,令和6年度 自治体DX・情報化推進概要 個別資料【R06個別資料】（１）自治体DXの推進体制等（市区町村）.xlsx,総務省,https://www.soumu.go.jp/main_content/001048599.zip,8_公的資料,2025-12,2026-09-16,A,検証済（第3回DR・一次資料直接確認）,シート1_組織体制（８）DX推進担当課室・情報政策担当課室の職員数。Excel 1757行「沖縄県／名護市／14」。基準日2024-04-01。DX専任人数ではなく情報政策担当を含む広義値
D003,糸満市,dx_info_staff,6,令和6年度 自治体DX・情報化推進概要 個別資料【R06個別資料】（１）自治体DXの推進体制等（市区町村）.xlsx,総務省,https://www.soumu.go.jp/main_content/001048599.zip,8_公的資料,2025-12,2026-09-16,A,検証済（第3回DR・一次資料直接確認）,シート1_組織体制（８）DX推進担当課室・情報政策担当課室の職員数。Excel 1758行「沖縄県／糸満市／6」。基準日2024-04-01。DX専任人数ではなく情報政策担当を含む広義値
D004,沖縄市,dx_info_staff,13,令和6年度 自治体DX・情報化推進概要 個別資料【R06個別資料】（１）自治体DXの推進体制等（市区町村）.xlsx,総務省,https://www.soumu.go.jp/main_content/001048599.zip,8_公的資料,2025-12,2026-09-16,A,検証済（第3回DR・一次資料直接確認）,シート1_組織体制（８）DX推進担当課室・情報政策担当課室の職員数。Excel 1759行「沖縄県／沖縄市／13」。基準日2024-04-01。DX専任人数ではなく情報政策担当を含む広義値
D005,豊見城市,dx_info_staff,8,令和6年度 自治体DX・情報化推進概要 個別資料【R06個別資料】（１）自治体DXの推進体制等（市区町村）.xlsx,総務省,https://www.soumu.go.jp/main_content/001048599.zip,8_公的資料,2025-12,2026-09-16,A,検証済（第3回DR・一次資料直接確認）,シート1_組織体制（８）DX推進担当課室・情報政策担当課室の職員数。Excel 1760行「沖縄県／豊見城市／8」。基準日2024-04-01。DX専任人数ではなく情報政策担当を含む広義値
D006,うるま市,dx_info_staff,10,令和6年度 自治体DX・情報化推進概要 個別資料【R06個別資料】（１）自治体DXの推進体制等（市区町村）.xlsx,総務省,https://www.soumu.go.jp/main_content/001048599.zip,8_公的資料,2025-12,2026-09-16,A,検証済（第3回DR・一次資料直接確認）,シート1_組織体制（８）DX推進担当課室・情報政策担当課室の職員数。Excel 1761行「沖縄県／うるま市／10」。基準日2024-04-01。DX専任人数ではなく情報政策担当を含む広義値
D007,宮古島市,dx_info_staff,8,令和6年度 自治体DX・情報化推進概要 個別資料【R06個別資料】（１）自治体DXの推進体制等（市区町村）.xlsx,総務省,https://www.soumu.go.jp/main_content/001048599.zip,8_公的資料,2025-12,2026-09-16,A,検証済（第3回DR・一次資料直接確認）,シート1_組織体制（８）DX推進担当課室・情報政策担当課室の職員数。Excel 1762行「沖縄県／宮古島市／8」。基準日2024-04-01。DX専任人数ではなく情報政策担当を含む広義値
D008,南城市,dx_info_staff,6,令和6年度 自治体DX・情報化推進概要 個別資料【R06個別資料】（１）自治体DXの推進体制等（市区町村）.xlsx,総務省,https://www.soumu.go.jp/main_content/001048599.zip,8_公的資料,2025-12,2026-09-16,A,検証済（第3回DR・一次資料直接確認）,シート1_組織体制（８）DX推進担当課室・情報政策担当課室の職員数。Excel 1763行「沖縄県／南城市／6」。基準日2024-04-01。DX専任人数ではなく情報政策担当を含む広義値
D009,共通,dx_info_staff定義,DX推進担当課室・情報政策担当課室の職員数,令和6年度 自治体DX・情報化推進概要（本文）,総務省,https://www.soumu.go.jp/main_content/001048571.pdf,8_公的資料,2025-12,2026-09-16,A,検証済（第3回DR）,基準日2024年4月1日。DX推進専任部署は「企画立案、部門間調整、全体方針・取組の進捗管理等を担う部署」と定義。情報政策担当課室も集計対象のためDX専任人数として扱えない
D010,那覇市,dx_info_staff,不明,令和6年度 自治体DX・情報化推進概要 個別資料【R06個別資料】（１）自治体DXの推進体制等（市区町村）.xlsx,総務省,https://www.soumu.go.jp/main_content/001048599.zip,8_公的資料,2025-12,2026-09-16,不明,未取得（本作業環境から総務省ドメインへ到達不可）,同一資料内 Excel 1753行（団体コード順からの推定位置）に収録されているはず。推測値を入力せず欠損とした
D011,宜野湾市,dx_info_staff,不明,令和6年度 自治体DX・情報化推進概要 個別資料【R06個別資料】（１）自治体DXの推進体制等（市区町村）.xlsx,総務省,https://www.soumu.go.jp/main_content/001048599.zip,8_公的資料,2025-12,2026-09-16,不明,未取得（本作業環境から総務省ドメインへ到達不可）,同一資料内 Excel 1754行（推定位置）。デジタル推進係4人等の狭義値を代替に用いてはならない
D012,浦添市,dx_info_staff,不明,令和6年度 自治体DX・情報化推進概要 個別資料【R06個別資料】（１）自治体DXの推進体制等（市区町村）.xlsx,総務省,https://www.soumu.go.jp/main_content/001048599.zip,8_公的資料,2025-12,2026-09-16,不明,未取得（本作業環境から総務省ドメインへ到達不可）,同一資料内 Excel 1756行（推定位置）
D013,石垣市,external_dx_staff,3,令和6年度 自治体DX・情報化推進概要 個別資料【R06個別資料】（１）自治体DXの推進体制等（市区町村）.xlsx,総務省,https://www.soumu.go.jp/main_content/001048599.zip,8_公的資料,2025-12,2026-09-16,A,検証済（第3回DR）,シート1_組織体制（４）「CIO、CIO補佐官、CISO以外の外部デジタル人材」に「任用している／人数3」。dx_info_staff 5人との重複有無は資料から不明のため合算しない
D020,那覇市,dx_staff,8,令和8年度那覇市組織図,那覇市,https://www.city.naha.okinawa.jp/_res/projects/default_project/_page_/001/003/945/soshikizu.pdf,3_組織機構図,2026年度,2026-09-16,A,検証済（第2回DR・PDF本文確認）,p.1 市長事務部局「企画調整課 32」「DX推進室 8」。DX専管室の配置人数。BPR主担当の内訳は未公表
D021,那覇市,info_policy_dept_staff,23,令和8年度那覇市組織図,那覇市,https://www.city.naha.okinawa.jp/_res/projects/default_project/_page_/001/003/945/soshikizu.pdf,3_組織機構図,2026年度,2026-09-16,A,検証済（第2回DR・PDF本文確認）,「情報政策課23」「情報化推進G8」「業務管理G8」「標準化G5」。情報システム運用専任23人とは扱わない
D022,那覇市,bpr_staff,不明,令和8年度那覇市組織図,那覇市,https://www.city.naha.okinawa.jp/_res/projects/default_project/_page_/001/003/945/soshikizu.pdf,3_組織機構図,2026年度,2026-09-16,不明,未確認,DX推進室8人のうちBPR主担当が何人かを示す配置表は未公表。按分しない
D023,那覇市,population,311916,DXの推進 概要（フッター人口統計）,那覇市,https://www.city.naha.okinawa.jp/admin/kaikaku/1008233/1004100/1004101.html,1_自治体公式サイト,2026-08-31,2026-09-16,A,検証済（第1回DR）,"総人口311,916（うち外国人10,159）令和8年8月末時点。他10市は同一定義の人口を未取得"
D024,那覇市,external_dx_staff,有（人数不明）,DXの推進 概要,那覇市,https://www.city.naha.okinawa.jp/admin/kaikaku/1008233/1004100/1004101.html,1_自治体公式サイト,2025-12-24,2026-09-16,B,検証済（第1回DR）,「DX推進室にデジタル民間専門人材を受け入れています」。人数記載なし。V-2の採点根拠
D025,那覇市,推進本部,那覇市デジタル化推進本部（2021年4月設置）,DXの推進 概要,那覇市,https://www.city.naha.okinawa.jp/admin/kaikaku/1008233/1004100/1004101.html,1_自治体公式サイト,2025-12-24,2026-09-16,A,検証済（第1回DR）,公式ページで全庁推進体制として言及。設置要綱本文は未確認のためI-3は半点
D026,那覇市,オンライン化手続,31手続,DXの推進 概要,那覇市,https://www.city.naha.okinawa.jp/admin/kaikaku/1008233/1004100/1004101.html,1_自治体公式サイト,2025-12-24,2026-09-16,A,検証済（第1回DR）,情報政策課が情報システム標準化・共通化および行政手続オンライン化31手続を所掌。件数のみのためII-2は半点
D030,宜野湾市,dx_staff,4,令和7年度宜野湾市行政組織図,宜野湾市,https://www.city.ginowan.lg.jp/material/files/group/7/r7ginowansisosikizu.pdf,3_組織機構図,2025年度,2026-09-16,A,検証済（第2回DR・PDF本文確認）,p.1 企画部「デジタル推進課（11）」「デジタル推進係（4）」。2026年度組織図は未公開確認のため前年値を現在値としない
D031,宜野湾市,infra_staff,6,令和7年度宜野湾市行政組織図,宜野湾市,https://www.city.ginowan.lg.jp/material/files/group/7/r7ginowansisosikizu.pdf,3_組織機構図,2025年度,2026-09-16,A,検証済（第2回DR）,「システム管理係（6）」。情報システム運用・インフラに該当
D032,宜野湾市,bpr_staff,4,令和7年度宜野湾市行政組織図,宜野湾市,https://www.city.ginowan.lg.jp/material/files/group/7/r7ginowansisosikizu.pdf,3_組織機構図,2025年度,2026-09-16,A,検証済（第2回DR）,「行政経営室（5）」「行政改革推進班（4）」。DX・情シス・BPRを分離できる県内唯一の事例
D040,浦添市,dx_bpr_combined_staff,5,令和8年度浦添市行政機構図（人数あり）,浦添市,https://www.city.urasoe.lg.jp/doc/609e70973d59ae2434bfd8c2/file_contents/file_20266291134315_1.pdf,3_組織機構図,2026年度,2026-09-16,A,検証済（第2回DR・PDF本文確認）,p.1 企画部「行政改革推進課5」「行政改革推進係4」。DX・BPR統合部署の総数であり、DX実人数とBPR実人数へ按分してはならない
D041,浦添市,info_policy_dept_staff,10,令和8年度浦添市行政機構図（人数あり）,浦添市,https://www.city.urasoe.lg.jp/doc/609e70973d59ae2434bfd8c2/file_contents/file_20266291134315_1.pdf,3_組織機構図,2026年度,2026-09-16,A,検証済（第2回DR）,「情報政策課10」「情報政策係9」
D042,浦添市,dx_org_established,2025-04-01,行政改革推進課,浦添市,https://www.city.urasoe.lg.jp/soshiki/kikakubu/gyoseikaikakusuishinka/,1_自治体公式サイト,2026-04-09,2026-09-16,A,検証済（第1回DR）,「組織機構改革により財務部行財政改革推進課と企画部デジタルシティ推進室を統合して令和7年度に設置」。旧evidence E402の不確実性を解消
D050,うるま市,推進本部,DX推進本部（本部長＝CIO）,うるま市DX推進本部設置要綱,うるま市,https://www1.g-reiki.net/uruma/reiki_honbun/r170RG00002011.html,1_自治体公式サイト,不明,2026-09-16,A,検証済（第1回DR・要綱本文確認）,第4条「本部長は最高情報統括責任者(CIO)」第9条「庶務は総務部DX推進課において処理」。I-3満点の根拠
D051,うるま市,bpr_department,行政マネジメント課／事務事業イノベーション推進室,各課のご案内,うるま市,https://www.city.uruma.lg.jp/1001004000/contents/863.html,1_自治体公式サイト,不明,2026-09-16,A,検証済（第1回DR）,行政マネジメント課が定員管理・行革を分離所管。第2回DRで令和8年度機構図に事務事業イノベーション推進室を確認
D052,石垣市,dx_department,企画部 DX推進課,令和8年度組織機構図,石垣市,https://www.city.ishigaki.okinawa.jp/soshiki/index.html,3_組織機構図,2026-06-25,2026-09-16,A,検証済（第1回DR）,企画部内にDX推進課を確認（旧DX課）。ただし機構図に人数記載なしを第2回DRで確認
D053,石垣市,dx_plan,石垣市デジタル化推進計画（令和4年4月）,石垣市デジタル化推進計画,石垣市,https://www.city.ishigaki.okinawa.jp/material/files/group/1/dx_plan.pdf,2_DX推進計画,2022-04,2026-09-16,A,検証済（第1回DR）,企画部DX課名義で策定。計画期間は未確認のためI-2（現行性）は未確認
D054,糸満市,dx_plan,糸満市ＤＸ推進方針,糸満市ＤＸ推進方針,糸満市,https://www.city.itoman.lg.jp/soshiki/8/22449.html,2_DX推進計画,不明,2026-09-16,A,検証済（第1回DR）,企画部情報政策課が策定・公表。I-1満点の根拠
D055,名護市,bpr_department,総務部 業務改善推進室,業務改善推進室,名護市,https://www.city.nago.okinawa.jp/soshiki/soumubu/gyoumukaizensuishin/,1_自治体公式サイト,不明,2026-09-16,B,検証済（第1回DR）,業務改善・庁内DX推進・個人番号制度総括を所掌。配置人数は未公表（内線番号は人数根拠に採用しない）
D056,沖縄市,dx_department,DX戦略室（DX推進課／情報システム課）,組織一覧,沖縄市,https://www.city.okinawa.okinawa.jp/k010-003/shiseijouhou/gaiyou/soshikiannai/organize/index.html,3_組織機構図,不明,2026-09-16,A,検証済（第1回DR）,DX推進と情報システム運用を組織的に分離。第2回DRで令和8年度組織図に人数記載なしを確認
D057,南城市,dx_org_established,2022-04-01,《令和4年4月より》DX推進課の新設,南城市,https://www.city.nanjo.okinawa.jp/shisei/gyoukaku/1648425409/1648424956/,1_自治体公式サイト,2022-04,2026-09-16,A,検証済（第1回DR）,基幹システム・ネットワーク・DX推進・マイナンバーを一課で所管（情報システム運用一体型）
D060,石垣市,課別職員数（自治体資料）,記載なし（確認済）,令和8年度組織機構図,石垣市,https://www.city.ishigaki.okinawa.jp/material/files/group/4/R8d_ippan_yosan.pdf,3_組織機構図,不明,2026-09-16,A,検証済（第2回DR・本文確認）,当該機構図の本文に課・係別の人数記載が無いことを確認した。未調査ではない。過年度版からの転用・推計は行わない
D061,沖縄市,課別職員数（自治体資料）,記載なし（確認済）,令和8年度沖縄市組織図,沖縄市,https://www.city.okinawa.okinawa.jp/documents/1742/r08soshikizu.pdf,3_組織機構図,不明,2026-09-16,A,検証済（第2回DR・本文確認）,当該機構図の本文に課・係別の人数記載が無いことを確認した。未調査ではない。過年度版からの転用・推計は行わない
D062,豊見城市,課別職員数（自治体資料）,記載なし（確認済）,令和8年度豊見城市行政機構,豊見城市,https://www.city.tomigusuku.lg.jp/material/files/group/4/R80401-gyouseikikou.pdf,3_組織機構図,不明,2026-09-16,A,検証済（第2回DR・本文確認）,当該機構図の本文に課・係別の人数記載が無いことを確認した。未調査ではない。過年度版からの転用・推計は行わない
D063,宮古島市,課別職員数（自治体資料）,記載なし（確認済）,令和8年度宮古島市行政機構図,宮古島市,https://www.city.miyakojima.lg.jp/soshiki/files/R8kikouzu.pdf,3_組織機構図,不明,2026-09-16,A,検証済（第2回DR・本文確認）,当該機構図の本文に課・係別の人数記載が無いことを確認した。未調査ではない。過年度版からの転用・推計は行わない
D064,南城市,課別職員数（自治体資料）,記載なし（確認済）,南城市組織図,南城市,https://www.city.nanjo.okinawa.jp/userfiles/files/R6soshiki_1.pdf,3_組織機構図,不明,2026-09-16,A,検証済（第2回DR・本文確認）,当該機構図の本文に課・係別の人数記載が無いことを確認した。未調査ではない。過年度版からの転用・推計は行わない
S001,那覇市,I-1_DX推進計画・方針の策定,6/6点・満点,那覇市DX推進計画を策定しました,那覇市,https://www.city.naha.okinawa.jp/admin/kaikaku/digital/naha_dxplan.html,9_採点根拠,不明,2026-09-16,B,検証済（第1〜5回DRの証拠をルーブリックで再判定）,市公式ページで独立した「那覇市DX推進計画」の策定・公表を確認（第1回DR）。第5回DRが総務省2024年度調査の全体方針欄でも策定を確認 ／ 判定理由: 独立したDX推進計画・推進方針を策定・公表しているため満点（6点）
S002,那覇市,I-2_計画の現行性,4/4点・満点,那覇市DX推進計画を策定しました,那覇市,https://www.city.naha.okinawa.jp/admin/kaikaku/digital/naha_dxplan.html,9_採点根拠,不明,2026-09-16,A,検証済（第1〜5回DRの証拠をルーブリックで再判定）,第5回DRが現行計画（計画期間内）であることを確認 ／ 判定理由: 調査時点（2026年9月15日）が計画期間内であるため満点（4点）
S003,那覇市,I-3_全庁的推進本部の設置,2/5点・部分点,DXの推進 概要（那覇市デジタル化推進本部）,那覇市,https://www.city.naha.okinawa.jp/admin/kaikaku/1008233/1004100/1004101.html,9_採点根拠,不明,2026-09-16,A,検証済（第1〜5回DRの証拠をルーブリックで再判定）,公式ページで「デジタル化推進本部（2021年4月設置）が全庁体制」を確認（第1回DR） ／ 判定理由: 全庁的・横断的な推進体制の存在は確認できたが、設置要綱等の規程本文は未確認のため半点（2点）
S004,那覇市,I-4_ロードマップ・KPI・進捗公表,5/5点・満点,那覇市DX推進計画 年次報告,那覇市,https://www.city.naha.okinawa.jp/admin/kaikaku/digital/naha_dxplan.html,9_採点根拠,不明,2026-09-16,A,検証済（第1〜5回DRの証拠をルーブリックで再判定）,第5回DRが数値KPIと公開された進捗実績の双方を確認 ／ 判定理由: ルーブリック満点条件「数値KPIと進捗実績の双方を公表」に該当（5点）。第5回DRの4点候補は採用しない
S005,那覇市,II-1_電子申請基盤の運用,5/5点・満点,令和6年度 自治体DX・情報化推進概要 個別資料（行政サービスの向上・高度化（市区町村））,総務省・デジタル庁等,https://www.soumu.go.jp/main_content/001048599.zip,9_採点根拠,不明,2026-09-16,A,検証済（第1〜5回DRの証拠をルーブリックで再判定）,汎用的電子申請システムについて「導入済み」と回答（第4回DR・自治体別Excel） ／ 判定理由: 稼働中の電子申請窓口を確認したため満点（5点）
S006,那覇市,II-2_オンライン化対象手続の公表,2.5/5点・部分点,DXの推進 概要（情報政策課の所掌）,那覇市,https://www.city.naha.okinawa.jp/admin/kaikaku/1008233/1004100/1004101.html,9_採点根拠,不明,2026-09-16,A,検証済（第1〜5回DRの証拠をルーブリックで再判定）,情報政策課が「標準化・共通化及び行政手続のオンライン化（31手続）」を所掌と明記 ／ 判定理由: 件数の確認にとどまり対象手続一覧は未確認のため半点（2.5点）
S007,那覇市,II-3_書かない窓口・窓口DX,5/5点・満点,那覇市DX推進計画 年次報告,那覇市,https://www.city.naha.okinawa.jp/admin/kaikaku/digital/naha_dxplan.html,9_採点根拠,不明,2026-09-16,A,検証済（第1〜5回DRの証拠をルーブリックで再判定）,第5回DRが複数窓口での書かない窓口の運用を確認 ／ 判定理由: 主要窓口で運用中と判定し満点（5点）。第5回DRの6点候補は配点超過のため採用しない
S008,那覇市,II-4_キャッシュレス収納,2.5/5点・部分点,令和6年度 自治体DX・情報化推進概要 個別資料（行政サービスの向上・高度化（市区町村））,総務省・デジタル庁等,https://www.soumu.go.jp/main_content/001048599.zip,9_採点根拠,不明,2026-09-16,A,検証済（第1〜5回DRの証拠をルーブリックで再判定）,手数料等の電子納付を確認（第5回DR）。窓口キャッシュレスと税公金の双方の運用は未確認 ／ 判定理由: ルーブリックの「いずれか一方」に該当（2.5点）
S009,那覇市,III-1_電子決裁・文書管理,2.5/5点・部分点,令和6年度 自治体DX・情報化推進概要 個別資料（行政サービスの向上・高度化（市区町村））,総務省・デジタル庁等,https://www.soumu.go.jp/main_content/001048599.zip,9_採点根拠,不明,2026-09-16,A,検証済（第1〜5回DRの証拠をルーブリックで再判定）,文書管理システムに電子決裁機能があり決裁率を把握していると回答（第4回DR・自治体別Excel） ／ 判定理由: 導入の確認にとどまる。満点条件「全庁導入かつ電子決裁率を公表」は未確認のため半点（2.5点）。総務省調査の「決裁率を把握している」は決裁率の公表とは異なる
S010,那覇市,III-2_RPA・AI-OCR,5/5点・満点,令和7年度 AI・RPAを活用した業務の自動化推進事業／那覇市DX推進計画 年次報告,那覇市,https://www.city.naha.okinawa.jp/admin/kaikaku/digital/2025_RPA.html,9_採点根拠,不明,2026-09-16,A,検証済（第1〜5回DRの証拠をルーブリックで再判定）,第5回DRが対象業務と実績・効果の公表を確認 ／ 判定理由: 本格運用（対象業務・効果を公表）に該当し満点（5点）。第5回DRの6点候補は配点超過のため採用しない
S011,那覇市,III-3_生成AIの業務利用,2.5/5点・部分点,那覇市DX推進計画 年次報告（生成AI利用ガイドライン）,那覇市,https://www.city.naha.okinawa.jp/admin/kaikaku/digital/naha_dxplan.html,9_採点根拠,不明,2026-09-16,A,検証済（第1〜5回DRの証拠をルーブリックで再判定）,ガイドラインの下で生成AIを実証・一部業務で利用中（第5回DR） ／ 判定理由: 全庁利用が未確認のため半点（2.5点）
S012,那覇市,IV-1_BPR・業務改善の専管組織／推進体制,5/5点・満点,DXの推進 概要（企画調整課DX推進室の所掌）,那覇市,https://www.city.naha.okinawa.jp/admin/kaikaku/1008233/1004100/1004101.html,9_採点根拠,不明,2026-09-16,A,検証済（第1〜5回DRの証拠をルーブリックで再判定）,DX推進室が「デジタル技術を活用した業務改革の推進」を所掌する室として設置 ／ 判定理由: 業務改革を所掌する専管の室が存在するため満点（5点）
S013,那覇市,IV-2_BPR実施実績の公表,5/5点・満点,那覇市DX推進計画 年次報告（業務改善実績）,那覇市,https://www.city.naha.okinawa.jp/admin/kaikaku/digital/naha_dxplan.html,9_採点根拠,不明,2026-09-16,A,検証済（第1〜5回DRの証拠をルーブリックで再判定）,第5回DRが定量的な業務改善実績の公表を確認 ／ 判定理由: 対象業務と削減時間等の実績を公表しているため満点（5点）
S014,那覇市,V-1_育成方針・研修体系,2.5/5点・部分点,令和6年度 自治体DX・情報化推進概要 個別資料（１）自治体DXの推進体制等（市区町村）,総務省・デジタル庁等,https://www.soumu.go.jp/main_content/001048599.zip,9_採点根拠,不明,2026-09-16,A,検証済（第1〜5回DRの証拠をルーブリックで再判定）,総務省2024年度調査で職員のデジタル人材育成（研修）の実施を確認（第5回DRが10市で確認） ／ 判定理由: 研修実施の確認にとどまり、育成方針・計画の策定公表は未確認のため半点（2.5点）
S015,那覇市,V-2_外部専門人材の活用,5/5点・満点,DXの推進 概要（デジタル民間専門人材）,那覇市,https://www.city.naha.okinawa.jp/admin/kaikaku/1008233/1004100/1004101.html,9_採点根拠,不明,2026-09-16,B,検証済（第1〜5回DRの証拠をルーブリックで再判定）,「DX推進室にデジタル民間専門人材を受け入れています」と明記（人数記載なし） ／ 判定理由: 外部専門人材の任用を確認したため満点（5点）
S016,那覇市,V-3_デジタル人材の採用・配置,0/5点・確認済み0点,令和6年度 自治体DX・情報化推進概要 個別資料（１）自治体DXの推進体制等（市区町村）,総務省・デジタル庁等,https://www.soumu.go.jp/main_content/001048599.zip,9_採点根拠,不明,2026-09-16,A,検証済（第1〜5回DRの証拠をルーブリックで再判定）,総務省2024年度調査でデジタル職種・採用区分「なし」（第5回DRが「あり」4市を列挙） ／ 判定理由: R3導出：総務省2024年度横断調査（11市収録）で当該取組を選択しておらず、第5回DRの「取組あり」列挙にも含まれない。非選択＝確認済み0点として確定。未確認ではない
S017,那覇市,VI-1_LINE等を活用した行政サービス,4/4点・満点,那覇市DX推進計画 年次報告（LINE予約・通知等）,那覇市,https://www.city.naha.okinawa.jp/admin/kaikaku/digital/naha_dxplan.html,9_採点根拠,不明,2026-09-16,A,検証済（第1〜5回DRの証拠をルーブリックで再判定）,LINEによる予約・通知等の双方向サービスを確認（第5回DR） ／ 判定理由: 手続・通報等の双方向機能を確認したため満点（4点）。第5回DRの5点候補は配点超過のため採用しない
S018,那覇市,VI-3_オープンデータ,2/4点・部分点,デジタル庁「地方公共団体オープンデータ取組済自治体一覧」,総務省・デジタル庁等,https://www.digital.go.jp/resources/open_data,9_採点根拠,不明,2026-09-16,A,検証済（第1〜5回DRの証拠をルーブリックで再判定）,デジタル庁「地方公共団体オープンデータ取組済自治体一覧」（2026-06-30）に掲載。オープンデータ公開ページ／カタログ掲載を11市すべてで確認（第5回DR） ／ 判定理由: 推奨データセットの公開と更新継続を全市同条件で確認できないため半点（2点）
S019,宜野湾市,I-1_DX推進計画・方針の策定,6/6点・満点,宜野湾市DX（デジタル・トランスフォーメーション）推進計画,宜野湾市,https://www.city.ginowan.lg.jp/soshiki/kikaku/digitalsuishin/2/1/1/14257.html,9_採点根拠,不明,2026-09-16,B,検証済（第1〜5回DRの証拠をルーブリックで再判定）,基本計画・実施計画の二部構成で策定・公表（第1回DR）。第5回DRが2025年3月策定の現行計画であることを確認 ／ 判定理由: 独立したDX推進計画・推進方針を策定・公表しているため満点（6点）
S020,宜野湾市,I-2_計画の現行性,4/4点・満点,宜野湾市DX推進計画（2025年3月策定）,宜野湾市,https://www.city.ginowan.lg.jp/soshiki/kikaku/digitalsuishin/2/1/1/14257.html,9_採点根拠,不明,2026-09-16,A,検証済（第1〜5回DRの証拠をルーブリックで再判定）,第5回DRが2025年3月策定の現行計画であることを確認 ／ 判定理由: 調査時点（2026年9月15日）が計画期間内であるため満点（4点）
S021,宜野湾市,I-3_全庁的推進本部の設置,2/5点・部分点,令和6年度 自治体DX・情報化推進概要 個別資料（１）自治体DXの推進体制等（市区町村）,総務省・デジタル庁等,https://www.soumu.go.jp/main_content/001048599.zip,9_採点根拠,不明,2026-09-16,A,検証済（第1〜5回DRの証拠をルーブリックで再判定）,総務省2024年度調査で「全庁的・横断的な推進体制あり」と回答（第5回DRが11市すべてで確認） ／ 判定理由: 全庁的・横断的な推進体制の存在は確認できたが、設置要綱等の規程本文は未確認のため半点（2点）
S022,宜野湾市,I-4_ロードマップ・KPI・進捗公表,5/5点・満点,宜野湾市DX推進計画／第8次行財政改革実施計画（進捗）,宜野湾市,https://www.city.ginowan.lg.jp/material/files/group/7/dai8jigyouzaiseijissikeikaku.pdf,9_採点根拠,不明,2026-09-16,A,検証済（第1〜5回DRの証拠をルーブリックで再判定）,第5回DRが数値KPIと公開された進捗実績の双方を確認 ／ 判定理由: ルーブリック満点条件に該当（5点）
S023,宜野湾市,II-1_電子申請基盤の運用,5/5点・満点,令和6年度 自治体DX・情報化推進概要 個別資料（行政サービスの向上・高度化（市区町村））,総務省・デジタル庁等,https://www.soumu.go.jp/main_content/001048599.zip,9_採点根拠,不明,2026-09-16,A,検証済（第1〜5回DRの証拠をルーブリックで再判定）,汎用的電子申請システムについて「導入済み」と回答（第4回DR・自治体別Excel） ／ 判定理由: 稼働中の電子申請窓口を確認したため満点（5点）
S024,宜野湾市,II-3_書かない窓口・窓口DX,2.5/5点・部分点,令和6年度 自治体DX・情報化推進概要 個別資料（２）自治体フロントヤード改革取組状況等（市区町村）,総務省・デジタル庁等,https://www.soumu.go.jp/main_content/001048599.zip,9_採点根拠,不明,2026-09-16,A,検証済（第1〜5回DRの証拠をルーブリックで再判定）,第5回DRが2手続での書かない窓口の運用を確認 ／ 判定理由: 一部窓口での運用にとどまるため半点（2.5点）
S025,宜野湾市,II-4_キャッシュレス収納,2.5/5点・部分点,令和6年度 自治体DX・情報化推進概要 個別資料（行政サービスの向上・高度化（市区町村））,総務省・デジタル庁等,https://www.soumu.go.jp/main_content/001048599.zip,9_採点根拠,不明,2026-09-16,A,検証済（第1〜5回DRの証拠をルーブリックで再判定）,手数料等の電子納付を確認（第5回DR）。双方の運用は未確認 ／ 判定理由: ルーブリックの「いずれか一方」に該当（2.5点）
S026,宜野湾市,III-1_電子決裁・文書管理,2.5/5点・部分点,令和6年度 自治体DX・情報化推進概要 個別資料（行政サービスの向上・高度化（市区町村））,総務省・デジタル庁等,https://www.soumu.go.jp/main_content/001048599.zip,9_採点根拠,不明,2026-09-16,A,検証済（第1〜5回DRの証拠をルーブリックで再判定）,人事給与・文書管理システムに電子決裁機能ありと回答（第4回DR・自治体別Excel） ／ 判定理由: 導入の確認にとどまる。満点条件「全庁導入かつ電子決裁率を公表」は未確認のため半点（2.5点）。総務省調査の「決裁率を把握している」は決裁率の公表とは異なる
S027,宜野湾市,III-2_RPA・AI-OCR,5/5点・満点,第8次行財政改革実施計画（進捗）,宜野湾市,https://www.city.ginowan.lg.jp/material/files/group/7/dai8jigyouzaiseijissikeikaku.pdf,9_採点根拠,不明,2026-09-16,A,検証済（第1〜5回DRの証拠をルーブリックで再判定）,"RPA・AI-OCRを複数業務に導入し、令和7年度約1,400時間の削減実績を公表（第5回DR） ／ 判定理由: 対象業務と効果を公表しているため満点（5点）"
S028,宜野湾市,IV-1_BPR・業務改善の専管組織／推進体制,5/5点・満点,令和7年度宜野湾市行政組織図,宜野湾市,https://www.city.ginowan.lg.jp/material/files/group/7/r7ginowansisosikizu.pdf,9_採点根拠,不明,2026-09-16,A,検証済（第1〜5回DRの証拠をルーブリックで再判定）,「行政経営室（5）」「行政改革推進班（4）」を組織図で確認 ／ 判定理由: 行革を所掌する専管の室が存在するため満点（5点）
S029,宜野湾市,IV-2_BPR実施実績の公表,5/5点・満点,第8次行財政改革実施計画（進捗）,宜野湾市,https://www.city.ginowan.lg.jp/material/files/group/7/dai8jigyouzaiseijissikeikaku.pdf,9_採点根拠,不明,2026-09-16,A,検証済（第1〜5回DRの証拠をルーブリックで再判定）,"RPA・AI-OCR導入業務と令和7年度約1,400時間の削減実績を同計画の進捗資料で公表（第5回DR） ／ 判定理由: 対象業務と削減時間の実績を公表しているため満点（5点）"
S030,宜野湾市,V-1_育成方針・研修体系,2.5/5点・部分点,令和6年度 自治体DX・情報化推進概要 個別資料（１）自治体DXの推進体制等（市区町村）,総務省・デジタル庁等,https://www.soumu.go.jp/main_content/001048599.zip,9_採点根拠,不明,2026-09-16,A,検証済（第1〜5回DRの証拠をルーブリックで再判定）,総務省2024年度調査で職員のデジタル人材育成（研修）の実施を確認（第5回DRが10市で確認） ／ 判定理由: 研修実施の確認にとどまり、育成方針・計画の策定公表は未確認のため半点（2.5点）
S031,宜野湾市,V-2_外部専門人材の活用,5/5点・満点,令和6年度 自治体DX・情報化推進概要 個別資料（１）自治体DXの推進体制等（市区町村）,総務省・デジタル庁等,https://www.soumu.go.jp/main_content/001048599.zip,9_採点根拠,不明,2026-09-16,A,検証済（第1〜5回DRの証拠をルーブリックで再判定）,総務省2024年度調査で外部デジタル人材の任用を確認（第5回DR） ／ 判定理由: 外部専門人材の任用を確認したため満点（5点）
S032,宜野湾市,V-3_デジタル人材の採用・配置,5/5点・満点,令和6年度 自治体DX・情報化推進概要 個別資料（１）自治体DXの推進体制等（市区町村）,総務省・デジタル庁等,https://www.soumu.go.jp/main_content/001048599.zip,9_採点根拠,不明,2026-09-16,A,検証済（第1〜5回DRの証拠をルーブリックで再判定）,総務省2024年度調査でデジタル職種・採用区分「あり」／7人と回答（第5回DR） ／ 判定理由: ICT区分採用・専門職配置を確認したため満点（5点）
S033,宜野湾市,VI-3_オープンデータ,2/4点・部分点,デジタル庁「地方公共団体オープンデータ取組済自治体一覧」,総務省・デジタル庁等,https://www.digital.go.jp/resources/open_data,9_採点根拠,不明,2026-09-16,A,検証済（第1〜5回DRの証拠をルーブリックで再判定）,デジタル庁「地方公共団体オープンデータ取組済自治体一覧」（2026-06-30）に掲載。オープンデータ公開ページ／カタログ掲載を11市すべてで確認（第5回DR） ／ 判定理由: 推奨データセットの公開と更新継続を全市同条件で確認できないため半点（2点）
S034,石垣市,I-1_DX推進計画・方針の策定,6/6点・満点,石垣市デジタル化推進計画（令和4年4月・企画部DX課）,石垣市,https://www.city.ishigaki.okinawa.jp/material/files/group/1/dx_plan.pdf,9_採点根拠,不明,2026-09-16,A,検証済（第1〜5回DRの証拠をルーブリックで再判定）,第1回DRが策定主体・策定時期を一次資料で確認 ／ 判定理由: 独立したDX推進計画・推進方針を策定・公表しているため満点（6点）
S035,石垣市,I-3_全庁的推進本部の設置,2/5点・部分点,令和6年度 自治体DX・情報化推進概要 個別資料（１）自治体DXの推進体制等（市区町村）,総務省・デジタル庁等,https://www.soumu.go.jp/main_content/001048599.zip,9_採点根拠,不明,2026-09-16,A,検証済（第1〜5回DRの証拠をルーブリックで再判定）,総務省2024年度調査で「全庁的・横断的な推進体制あり」と回答（第5回DRが11市すべてで確認） ／ 判定理由: 全庁的・横断的な推進体制の存在は確認できたが、設置要綱等の規程本文は未確認のため半点（2点）
S036,石垣市,II-1_電子申請基盤の運用,5/5点・満点,令和6年度 自治体DX・情報化推進概要 個別資料（行政サービスの向上・高度化（市区町村））,総務省・デジタル庁等,https://www.soumu.go.jp/main_content/001048599.zip,9_採点根拠,不明,2026-09-16,A,検証済（第1〜5回DRの証拠をルーブリックで再判定）,汎用的電子申請システムについて「導入済み」と回答（第4回DR・自治体別Excel） ／ 判定理由: 稼働中の電子申請窓口を確認したため満点（5点）
S037,石垣市,II-3_書かない窓口・窓口DX,0/5点・確認済み0点,令和6年度 自治体DX・情報化推進概要 個別資料（２）自治体フロントヤード改革取組状況等（市区町村）,総務省・デジタル庁等,https://www.soumu.go.jp/main_content/001048599.zip,9_採点根拠,不明,2026-09-16,B,検証済（第1〜5回DRの証拠をルーブリックで再判定）,総務省2024年度フロントヤード改革調査で書かない窓口の取組を選択していない（第5回DRの11市横断確認） ／ 判定理由: R3導出：総務省2024年度横断調査（11市収録）で当該取組を選択しておらず、第5回DRの「取組あり」列挙にも含まれない。非選択＝確認済み0点として確定。未確認ではない
S038,石垣市,II-4_キャッシュレス収納,0/5点・確認済み0点,令和6年度 自治体DX・情報化推進概要 個別資料（行政サービスの向上・高度化（市区町村））,総務省・デジタル庁等,https://www.soumu.go.jp/main_content/001048599.zip,9_採点根拠,不明,2026-09-16,B,検証済（第1〜5回DRの証拠をルーブリックで再判定）,総務省2024年度調査でキャッシュレス収納の該当項目を選択していない（第5回DRが明示的に確認済み0点と整理） ／ 判定理由: R3導出：総務省2024年度横断調査（11市収録）で当該取組を選択しておらず、第5回DRの「取組あり」列挙にも含まれない。非選択＝確認済み0点として確定。未確認ではない
S039,石垣市,III-1_電子決裁・文書管理,0/5点・確認済み0点,令和6年度 自治体DX・情報化推進概要 個別資料（行政サービスの向上・高度化（市区町村））,総務省・デジタル庁等,https://www.soumu.go.jp/main_content/001048599.zip,9_採点根拠,不明,2026-09-16,A,検証済（第1〜5回DRの証拠をルーブリックで再判定）,人事給与・財務会計・文書管理の3システムとも「電子決裁機能なし」と回答（第4回DR・自治体別Excel） ／ 判定理由: 公的横断調査における明示的な不存在回答。確認済み0点であり未確認ではない
S040,石垣市,V-1_育成方針・研修体系,2.5/5点・部分点,令和6年度 自治体DX・情報化推進概要 個別資料（１）自治体DXの推進体制等（市区町村）,総務省・デジタル庁等,https://www.soumu.go.jp/main_content/001048599.zip,9_採点根拠,不明,2026-09-16,A,検証済（第1〜5回DRの証拠をルーブリックで再判定）,総務省2024年度調査で職員のデジタル人材育成（研修）の実施を確認（第5回DRが10市で確認） ／ 判定理由: 研修実施の確認にとどまり、育成方針・計画の策定公表は未確認のため半点（2.5点）
S041,石垣市,V-2_外部専門人材の活用,5/5点・満点,令和6年度 自治体DX・情報化推進概要 個別資料（１）自治体DXの推進体制等（市区町村）,総務省・デジタル庁等,https://www.soumu.go.jp/main_content/001048599.zip,9_採点根拠,不明,2026-09-16,A,検証済（第1〜5回DRの証拠をルーブリックで再判定）,「CIO、CIO補佐官、CISO以外の外部デジタル人材」に「任用している／人数3」と記載（Excel 1755行） ／ 判定理由: 外部専門人材の任用を確認したため満点（5点）
S042,石垣市,V-3_デジタル人材の採用・配置,0/5点・確認済み0点,令和6年度 自治体DX・情報化推進概要 個別資料（１）自治体DXの推進体制等（市区町村）,総務省・デジタル庁等,https://www.soumu.go.jp/main_content/001048599.zip,9_採点根拠,不明,2026-09-16,B,検証済（第1〜5回DRの証拠をルーブリックで再判定）,総務省2024年度調査でデジタル職種・採用区分「なし」（第5回DRが「あり」4市を列挙） ／ 判定理由: R3導出：総務省2024年度横断調査（11市収録）で当該取組を選択しておらず、第5回DRの「取組あり」列挙にも含まれない。非選択＝確認済み0点として確定。未確認ではない
S043,石垣市,VI-3_オープンデータ,2/4点・部分点,デジタル庁「地方公共団体オープンデータ取組済自治体一覧」,総務省・デジタル庁等,https://www.digital.go.jp/resources/open_data,9_採点根拠,不明,2026-09-16,A,検証済（第1〜5回DRの証拠をルーブリックで再判定）,デジタル庁「地方公共団体オープンデータ取組済自治体一覧」（2026-06-30）に掲載。オープンデータ公開ページ／カタログ掲載を11市すべてで確認（第5回DR） ／ 判定理由: 推奨データセットの公開と更新継続を全市同条件で確認できないため半点（2点）
S044,浦添市,I-1_DX推進計画・方針の策定,6/6点・満点,浦添市DX推進計画 基本構想（令和7年4月1日）,浦添市,https://www.city.urasoe.lg.jp/doc/2025061100078/file_contents/file_20256264162226_1.pdf,9_採点根拠,不明,2026-09-16,A,検証済（第1〜5回DRの証拠をルーブリックで再判定）,第5回DRが計画本文PDFを確認。独立したDX推進計画として策定・公表 ／ 判定理由: 独立したDX推進計画・推進方針を策定・公表しているため満点（6点）
S045,浦添市,I-2_計画の現行性,4/4点・満点,浦添市DX推進計画 基本構想（令和7年4月1日）,浦添市,https://www.city.urasoe.lg.jp/doc/2025061100078/file_contents/file_20256264162226_1.pdf,9_採点根拠,不明,2026-09-16,A,検証済（第1〜5回DRの証拠をルーブリックで再判定）,令和7年度起点の現行計画。第5回DRが計画本文で確認 ／ 判定理由: 調査時点（2026年9月15日）が計画期間内であるため満点（4点）
S046,浦添市,I-3_全庁的推進本部の設置,2/5点・部分点,令和6年度 自治体DX・情報化推進概要 個別資料（１）自治体DXの推進体制等（市区町村）,総務省・デジタル庁等,https://www.soumu.go.jp/main_content/001048599.zip,9_採点根拠,不明,2026-09-16,A,検証済（第1〜5回DRの証拠をルーブリックで再判定）,総務省2024年度調査で「全庁的・横断的な推進体制あり」と回答（第5回DRが11市すべてで確認） ／ 判定理由: 全庁的・横断的な推進体制の存在は確認できたが、設置要綱等の規程本文は未確認のため半点（2点）
S047,浦添市,I-4_ロードマップ・KPI・進捗公表,3/5点・部分点,浦添市DX推進計画 基本構想（KPI）,浦添市,https://www.city.urasoe.lg.jp/doc/2025061100078/file_contents/file_20256264162226_1.pdf,9_採点根拠,不明,2026-09-16,A,検証済（第1〜5回DRの証拠をルーブリックで再判定）,第5回DRが現行計画本文にKPIの記載を確認。進捗実績の公表は未確認 ／ 判定理由: ルーブリックの「KPI設定のみ」に該当（3点）
S048,浦添市,II-1_電子申請基盤の運用,5/5点・満点,令和6年度 自治体DX・情報化推進概要 個別資料（行政サービスの向上・高度化（市区町村））,総務省・デジタル庁等,https://www.soumu.go.jp/main_content/001048599.zip,9_採点根拠,不明,2026-09-16,A,検証済（第1〜5回DRの証拠をルーブリックで再判定）,汎用的電子申請システムについて「導入済み」と回答（第4回DR・自治体別Excel） ／ 判定理由: 稼働中の電子申請窓口を確認したため満点（5点）
S049,浦添市,II-3_書かない窓口・窓口DX,0/5点・確認済み0点,令和6年度 自治体DX・情報化推進概要 個別資料（２）自治体フロントヤード改革取組状況等（市区町村）,総務省・デジタル庁等,https://www.soumu.go.jp/main_content/001048599.zip,9_採点根拠,不明,2026-09-16,B,検証済（第1〜5回DRの証拠をルーブリックで再判定）,総務省2024年度フロントヤード改革調査で書かない窓口の取組を選択していない（第5回DRの11市横断確認） ／ 判定理由: R3導出：総務省2024年度横断調査（11市収録）で当該取組を選択しておらず、第5回DRの「取組あり」列挙にも含まれない。非選択＝確認済み0点として確定。未確認ではない
S050,浦添市,II-4_キャッシュレス収納,0/5点・確認済み0点,令和6年度 自治体DX・情報化推進概要 個別資料（行政サービスの向上・高度化（市区町村））,総務省・デジタル庁等,https://www.soumu.go.jp/main_content/001048599.zip,9_採点根拠,不明,2026-09-16,B,検証済（第1〜5回DRの証拠をルーブリックで再判定）,総務省2024年度調査でキャッシュレス収納の該当項目を選択していない（第5回DRが明示的に確認済み0点と整理） ／ 判定理由: R3導出：総務省2024年度横断調査（11市収録）で当該取組を選択しておらず、第5回DRの「取組あり」列挙にも含まれない。非選択＝確認済み0点として確定。未確認ではない
S051,浦添市,III-1_電子決裁・文書管理,2.5/5点・部分点,令和6年度 自治体DX・情報化推進概要 個別資料（行政サービスの向上・高度化（市区町村））,総務省・デジタル庁等,https://www.soumu.go.jp/main_content/001048599.zip,9_採点根拠,不明,2026-09-16,A,検証済（第1〜5回DRの証拠をルーブリックで再判定）,文書管理システムに電子決裁機能ありと回答（決裁率は把握していない）（第4回DR・自治体別Excel） ／ 判定理由: 導入の確認にとどまる。満点条件「全庁導入かつ電子決裁率を公表」は未確認のため半点（2.5点）。総務省調査の「決裁率を把握している」は決裁率の公表とは異なる
S052,浦添市,IV-1_BPR・業務改善の専管組織／推進体制,5/5点・満点,行政改革推進課,浦添市,https://www.city.urasoe.lg.jp/soshiki/kikakubu/gyoseikaikakusuishinka/,9_採点根拠,不明,2026-09-16,A,検証済（第1〜5回DRの証拠をルーブリックで再判定）,「財務部行財政改革推進課と企画部デジタルシティ推進室を統合して令和7年度に設置」 ／ 判定理由: 行革・DXを所掌する専管の課が存在するため満点（5点）
S053,浦添市,V-1_育成方針・研修体系,2.5/5点・部分点,令和6年度 自治体DX・情報化推進概要 個別資料（１）自治体DXの推進体制等（市区町村）,総務省・デジタル庁等,https://www.soumu.go.jp/main_content/001048599.zip,9_採点根拠,不明,2026-09-16,A,検証済（第1〜5回DRの証拠をルーブリックで再判定）,総務省2024年度調査で職員のデジタル人材育成（研修）の実施を確認（第5回DRが10市で確認） ／ 判定理由: 研修実施の確認にとどまり、育成方針・計画の策定公表は未確認のため半点（2.5点）
S054,浦添市,V-2_外部専門人材の活用,5/5点・満点,令和6年度 自治体DX・情報化推進概要 個別資料（１）自治体DXの推進体制等（市区町村）,総務省・デジタル庁等,https://www.soumu.go.jp/main_content/001048599.zip,9_採点根拠,不明,2026-09-16,A,検証済（第1〜5回DRの証拠をルーブリックで再判定）,総務省2024年度調査で外部デジタル人材の任用を確認（第5回DR） ／ 判定理由: 外部専門人材の任用を確認したため満点（5点）
S055,浦添市,V-3_デジタル人材の採用・配置,5/5点・満点,令和6年度 自治体DX・情報化推進概要 個別資料（１）自治体DXの推進体制等（市区町村）,総務省・デジタル庁等,https://www.soumu.go.jp/main_content/001048599.zip,9_採点根拠,不明,2026-09-16,A,検証済（第1〜5回DRの証拠をルーブリックで再判定）,総務省2024年度調査でデジタル職種・採用区分「あり」／10人と回答（第5回DR） ／ 判定理由: ICT区分採用・専門職配置を確認したため満点（5点）
S056,浦添市,VI-1_LINE等を活用した行政サービス,4/4点・満点,浦添市LINE予約サービス,浦添市,https://www.city.urasoe.lg.jp/doc/2025061100078/file_contents/file_20256264162226_1.pdf,9_採点根拠,不明,2026-09-16,A,検証済（第1〜5回DRの証拠をルーブリックで再判定）,LINEによる予約サービス等の双方向機能を確認（第5回DR） ／ 判定理由: 手続・通報等の双方向機能を確認したため満点（4点）。第5回DRの5点候補は配点超過のため採用しない
S057,浦添市,VI-3_オープンデータ,2/4点・部分点,デジタル庁「地方公共団体オープンデータ取組済自治体一覧」,総務省・デジタル庁等,https://www.digital.go.jp/resources/open_data,9_採点根拠,不明,2026-09-16,A,検証済（第1〜5回DRの証拠をルーブリックで再判定）,デジタル庁「地方公共団体オープンデータ取組済自治体一覧」（2026-06-30）に掲載。オープンデータ公開ページ／カタログ掲載を11市すべてで確認（第5回DR） ／ 判定理由: 推奨データセットの公開と更新継続を全市同条件で確認できないため半点（2点）
S058,名護市,I-1_DX推進計画・方針の策定,6/6点・満点,名護市DX推進計画,名護市,https://www.city.nago.okinawa.jp/articles/2025050200017/file_contents/DXsuishinkeikaku.pdf,9_採点根拠,不明,2026-09-16,A,検証済（第1〜5回DRの証拠をルーブリックで再判定）,第5回DRが計画本文PDFを確認（全庁業務量調査・RPA実証等を記載） ／ 判定理由: 独立したDX推進計画・推進方針を策定・公表しているため満点（6点）
S059,名護市,I-2_計画の現行性,0/4点・確認済み0点,名護市DX推進計画,名護市,https://www.city.nago.okinawa.jp/articles/2025050200017/file_contents/DXsuishinkeikaku.pdf,9_採点根拠,不明,2026-09-16,A,検証済（第1〜5回DRの証拠をルーブリックで再判定）,第5回DRが「計画期間が2025年度までで終了」かつ改定の公表を確認できないことを確認 ／ 判定理由: ルーブリックの0点条件「期間終了で改定未確認」に該当。確認済み0点であり未確認ではない
S060,名護市,I-3_全庁的推進本部の設置,2/5点・部分点,令和6年度 自治体DX・情報化推進概要 個別資料（１）自治体DXの推進体制等（市区町村）,総務省・デジタル庁等,https://www.soumu.go.jp/main_content/001048599.zip,9_採点根拠,不明,2026-09-16,A,検証済（第1〜5回DRの証拠をルーブリックで再判定）,総務省2024年度調査で「全庁的・横断的な推進体制あり」と回答（第5回DRが11市すべてで確認） ／ 判定理由: 全庁的・横断的な推進体制の存在は確認できたが、設置要綱等の規程本文は未確認のため半点（2点）
S061,名護市,II-1_電子申請基盤の運用,2.5/5点・部分点,令和6年度 自治体DX・情報化推進概要 個別資料（行政サービスの向上・高度化（市区町村））,総務省・デジタル庁等,https://www.soumu.go.jp/main_content/001048599.zip,9_採点根拠,不明,2026-09-16,A,検証済（第1〜5回DRの証拠をルーブリックで再判定）,汎用的電子申請システムについて「令和5年度中に導入予定」と回答（第4回DR・自治体別Excel） ／ 判定理由: ルーブリックの「導入予定の公表のみ」に該当（2.5点）。2026年時点の稼働は未確認のため満点にしない
S062,名護市,II-3_書かない窓口・窓口DX,0/5点・確認済み0点,令和6年度 自治体DX・情報化推進概要 個別資料（２）自治体フロントヤード改革取組状況等（市区町村）,総務省・デジタル庁等,https://www.soumu.go.jp/main_content/001048599.zip,9_採点根拠,不明,2026-09-16,B,検証済（第1〜5回DRの証拠をルーブリックで再判定）,総務省2024年度フロントヤード改革調査で書かない窓口の取組を選択していない（第5回DRの11市横断確認） ／ 判定理由: R3導出：総務省2024年度横断調査（11市収録）で当該取組を選択しておらず、第5回DRの「取組あり」列挙にも含まれない。非選択＝確認済み0点として確定。未確認ではない
S063,名護市,II-4_キャッシュレス収納,0/5点・確認済み0点,令和6年度 自治体DX・情報化推進概要 個別資料（行政サービスの向上・高度化（市区町村））,総務省・デジタル庁等,https://www.soumu.go.jp/main_content/001048599.zip,9_採点根拠,不明,2026-09-16,B,検証済（第1〜5回DRの証拠をルーブリックで再判定）,総務省2024年度調査でキャッシュレス収納の該当項目を選択していない（第5回DRが明示的に確認済み0点と整理） ／ 判定理由: R3導出：総務省2024年度横断調査（11市収録）で当該取組を選択しておらず、第5回DRの「取組あり」列挙にも含まれない。非選択＝確認済み0点として確定。未確認ではない
S064,名護市,III-1_電子決裁・文書管理,2.5/5点・部分点,令和6年度 自治体DX・情報化推進概要 個別資料（行政サービスの向上・高度化（市区町村））,総務省・デジタル庁等,https://www.soumu.go.jp/main_content/001048599.zip,9_採点根拠,不明,2026-09-16,A,検証済（第1〜5回DRの証拠をルーブリックで再判定）,文書管理システムに電子決裁機能があり決裁率を把握していると回答（第4回DR・自治体別Excel） ／ 判定理由: 導入の確認にとどまる。満点条件「全庁導入かつ電子決裁率を公表」は未確認のため半点（2.5点）。総務省調査の「決裁率を把握している」は決裁率の公表とは異なる
S065,名護市,III-2_RPA・AI-OCR,5/5点・満点,名護市DX推進計画,名護市,https://www.city.nago.okinawa.jp/articles/2025050200017/file_contents/DXsuishinkeikaku.pdf,9_採点根拠,不明,2026-09-16,A,検証済（第1〜5回DRの証拠をルーブリックで再判定）,5原課7業務でAI-OCR・RPAを実証し、効果が出た業務でRPAを継続利用（第5回DR） ／ 判定理由: 対象業務と効果を公表しているため満点（5点）
S066,名護市,IV-1_BPR・業務改善の専管組織／推進体制,5/5点・満点,業務改善推進室,名護市,https://www.city.nago.okinawa.jp/soshiki/soumubu/gyoumukaizensuishin/,9_採点根拠,不明,2026-09-16,B,検証済（第1〜5回DRの証拠をルーブリックで再判定）,組織一覧に「業務改善推進室」を確認。業務改善・庁内DX推進を所掌 ／ 判定理由: 業務改善専管の室が存在するため満点（5点）
S067,名護市,IV-2_BPR実施実績の公表,2.5/5点・部分点,名護市DX推進計画,名護市,https://www.city.nago.okinawa.jp/articles/2025050200017/file_contents/DXsuishinkeikaku.pdf,9_採点根拠,不明,2026-09-16,A,検証済（第1〜5回DRの証拠をルーブリックで再判定）,"55課125係・6,518業務の全庁業務量調査と40業務の作業フロー作成を確認（第5回DR） ／ 判定理由: 実施の事実と規模は公表されているが削減時間等の実績は未確認のため半点（2.5点）"
S068,名護市,V-1_育成方針・研修体系,2.5/5点・部分点,令和6年度 自治体DX・情報化推進概要 個別資料（１）自治体DXの推進体制等（市区町村）,総務省・デジタル庁等,https://www.soumu.go.jp/main_content/001048599.zip,9_採点根拠,不明,2026-09-16,A,検証済（第1〜5回DRの証拠をルーブリックで再判定）,総務省2024年度調査で職員のデジタル人材育成（研修）の実施を確認（第5回DRが10市で確認） ／ 判定理由: 研修実施の確認にとどまり、育成方針・計画の策定公表は未確認のため半点（2.5点）
S069,名護市,V-2_外部専門人材の活用,0/5点・確認済み0点,令和6年度 自治体DX・情報化推進概要 個別資料（１）自治体DXの推進体制等（市区町村）,総務省・デジタル庁等,https://www.soumu.go.jp/main_content/001048599.zip,9_採点根拠,不明,2026-09-16,A,検証済（第1〜5回DRの証拠をルーブリックで再判定）,総務省2024年度調査時点で外部デジタル人材の任用「なし」（第5回DRが「あり」5市を列挙し、その他はなしと明記） ／ 判定理由: 公的調査における明示的な不存在回答。確認済み0点であり未確認ではない
S070,名護市,V-3_デジタル人材の採用・配置,0/5点・確認済み0点,令和6年度 自治体DX・情報化推進概要 個別資料（１）自治体DXの推進体制等（市区町村）,総務省・デジタル庁等,https://www.soumu.go.jp/main_content/001048599.zip,9_採点根拠,不明,2026-09-16,B,検証済（第1〜5回DRの証拠をルーブリックで再判定）,総務省2024年度調査でデジタル職種・採用区分「なし」（第5回DRが「あり」4市を列挙） ／ 判定理由: R3導出：総務省2024年度横断調査（11市収録）で当該取組を選択しておらず、第5回DRの「取組あり」列挙にも含まれない。非選択＝確認済み0点として確定。未確認ではない
S071,名護市,VI-3_オープンデータ,2/4点・部分点,デジタル庁「地方公共団体オープンデータ取組済自治体一覧」,総務省・デジタル庁等,https://www.digital.go.jp/resources/open_data,9_採点根拠,不明,2026-09-16,A,検証済（第1〜5回DRの証拠をルーブリックで再判定）,デジタル庁「地方公共団体オープンデータ取組済自治体一覧」（2026-06-30）に掲載。オープンデータ公開ページ／カタログ掲載を11市すべてで確認（第5回DR） ／ 判定理由: 推奨データセットの公開と更新継続を全市同条件で確認できないため半点（2点）
S072,糸満市,I-1_DX推進計画・方針の策定,6/6点・満点,糸満市ＤＸ推進方針,糸満市,https://www.city.itoman.lg.jp/soshiki/8/22449.html,9_採点根拠,不明,2026-09-16,A,検証済（第1〜5回DRの証拠をルーブリックで再判定）,企画部情報政策課が独立したDX推進方針を策定・公表（第1回DR・確度A検証済） ／ 判定理由: 独立したDX推進計画・推進方針を策定・公表しているため満点（6点）
S073,糸満市,I-2_計画の現行性,4/4点・満点,糸満市ＤＸ推進方針,糸満市,https://www.city.itoman.lg.jp/soshiki/8/22449.html,9_採点根拠,不明,2026-09-16,B,検証済（第1〜5回DRの証拠をルーブリックで再判定）,第5回DRが現行の方針であることを確認 ／ 判定理由: 調査時点（2026年9月15日）が計画期間内であるため満点（4点）。※方針の期間表記は未確認のため確度B
S074,糸満市,I-3_全庁的推進本部の設置,2/5点・部分点,令和6年度 自治体DX・情報化推進概要 個別資料（１）自治体DXの推進体制等（市区町村）,総務省・デジタル庁等,https://www.soumu.go.jp/main_content/001048599.zip,9_採点根拠,不明,2026-09-16,A,検証済（第1〜5回DRの証拠をルーブリックで再判定）,総務省2024年度調査で「全庁的・横断的な推進体制あり」と回答（第5回DRが11市すべてで確認） ／ 判定理由: 全庁的・横断的な推進体制の存在は確認できたが、設置要綱等の規程本文は未確認のため半点（2点）
S075,糸満市,II-1_電子申請基盤の運用,5/5点・満点,令和6年度 自治体DX・情報化推進概要 個別資料（行政サービスの向上・高度化（市区町村））,総務省・デジタル庁等,https://www.soumu.go.jp/main_content/001048599.zip,9_採点根拠,不明,2026-09-16,A,検証済（第1〜5回DRの証拠をルーブリックで再判定）,汎用的電子申請システムについて「導入済み」と回答（第4回DR・自治体別Excel） ／ 判定理由: 稼働中の電子申請窓口を確認したため満点（5点）
S076,糸満市,II-3_書かない窓口・窓口DX,0/5点・確認済み0点,令和6年度 自治体DX・情報化推進概要 個別資料（２）自治体フロントヤード改革取組状況等（市区町村）,総務省・デジタル庁等,https://www.soumu.go.jp/main_content/001048599.zip,9_採点根拠,不明,2026-09-16,B,検証済（第1〜5回DRの証拠をルーブリックで再判定）,総務省2024年度フロントヤード改革調査で書かない窓口の取組を選択していない（第5回DRの11市横断確認） ／ 判定理由: R3導出：総務省2024年度横断調査（11市収録）で当該取組を選択しておらず、第5回DRの「取組あり」列挙にも含まれない。非選択＝確認済み0点として確定。未確認ではない
S077,糸満市,II-4_キャッシュレス収納,0/5点・確認済み0点,令和6年度 自治体DX・情報化推進概要 個別資料（行政サービスの向上・高度化（市区町村））,総務省・デジタル庁等,https://www.soumu.go.jp/main_content/001048599.zip,9_採点根拠,不明,2026-09-16,B,検証済（第1〜5回DRの証拠をルーブリックで再判定）,総務省2024年度調査でキャッシュレス収納の該当項目を選択していない（第5回DRが明示的に確認済み0点と整理） ／ 判定理由: R3導出：総務省2024年度横断調査（11市収録）で当該取組を選択しておらず、第5回DRの「取組あり」列挙にも含まれない。非選択＝確認済み0点として確定。未確認ではない
S078,糸満市,III-1_電子決裁・文書管理,0/5点・確認済み0点,令和6年度 自治体DX・情報化推進概要 個別資料（行政サービスの向上・高度化（市区町村））,総務省・デジタル庁等,https://www.soumu.go.jp/main_content/001048599.zip,9_採点根拠,不明,2026-09-16,A,検証済（第1〜5回DRの証拠をルーブリックで再判定）,人事給与・財務会計・文書管理の3システムとも「電子決裁機能なし」と回答（第4回DR・自治体別Excel） ／ 判定理由: 公的横断調査における明示的な不存在回答。確認済み0点であり未確認ではない
S079,糸満市,V-1_育成方針・研修体系,0/5点・確認済み0点,令和6年度 自治体DX・情報化推進概要 個別資料（１）自治体DXの推進体制等（市区町村）,総務省・デジタル庁等,https://www.soumu.go.jp/main_content/001048599.zip,9_採点根拠,不明,2026-09-16,A,検証済（第1〜5回DRの証拠をルーブリックで再判定）,総務省2024年度調査で職員のデジタル人材育成を「実施していない」と明示的に回答（第5回DR） ／ 判定理由: 公的調査における明示的な未実施回答。確認済み0点であり未確認ではない
S080,糸満市,V-2_外部専門人材の活用,0/5点・確認済み0点,令和6年度 自治体DX・情報化推進概要 個別資料（１）自治体DXの推進体制等（市区町村）,総務省・デジタル庁等,https://www.soumu.go.jp/main_content/001048599.zip,9_採点根拠,不明,2026-09-16,A,検証済（第1〜5回DRの証拠をルーブリックで再判定）,総務省2024年度調査時点で外部デジタル人材の任用「なし」（第5回DRが「あり」5市を列挙し、その他はなしと明記） ／ 判定理由: 公的調査における明示的な不存在回答。確認済み0点であり未確認ではない
S081,糸満市,V-3_デジタル人材の採用・配置,5/5点・満点,令和6年度 自治体DX・情報化推進概要 個別資料（１）自治体DXの推進体制等（市区町村）,総務省・デジタル庁等,https://www.soumu.go.jp/main_content/001048599.zip,9_採点根拠,不明,2026-09-16,A,検証済（第1〜5回DRの証拠をルーブリックで再判定）,総務省2024年度調査でデジタル職種・採用区分「あり」／6人と回答（第5回DR） ／ 判定理由: ICT区分採用・専門職配置を確認したため満点（5点）
S082,糸満市,VI-3_オープンデータ,2/4点・部分点,デジタル庁「地方公共団体オープンデータ取組済自治体一覧」,総務省・デジタル庁等,https://www.digital.go.jp/resources/open_data,9_採点根拠,不明,2026-09-16,A,検証済（第1〜5回DRの証拠をルーブリックで再判定）,デジタル庁「地方公共団体オープンデータ取組済自治体一覧」（2026-06-30）に掲載。オープンデータ公開ページ／カタログ掲載を11市すべてで確認（第5回DR） ／ 判定理由: 推奨データセットの公開と更新継続を全市同条件で確認できないため半点（2点）
S083,沖縄市,I-1_DX推進計画・方針の策定,6/6点・満点,沖縄市DX推進計画の概要（2022〜2026年度）,沖縄市,https://www.city.okinawa.okinawa.jp/documents/16478/dxsuishinkeikakugaiyou.pdf,9_採点根拠,不明,2026-09-16,B,検証済（第1〜5回DRの証拠をルーブリックで再判定）,独立した沖縄市DX推進計画の策定・公表を確認。第5回DRが現行計画であることを確認 ／ 判定理由: 独立したDX推進計画・推進方針を策定・公表しているため満点（6点）
S084,沖縄市,I-2_計画の現行性,4/4点・満点,沖縄市DX推進計画の概要（2022〜2026年度）,沖縄市,https://www.city.okinawa.okinawa.jp/documents/16478/dxsuishinkeikakugaiyou.pdf,9_採点根拠,不明,2026-09-16,A,検証済（第1〜5回DRの証拠をルーブリックで再判定）,計画期間2022〜2026年度。調査時点は2026年度内 ／ 判定理由: 調査時点（2026年9月15日）が計画期間内であるため満点（4点）
S085,沖縄市,I-3_全庁的推進本部の設置,2/5点・部分点,令和6年度 自治体DX・情報化推進概要 個別資料（１）自治体DXの推進体制等（市区町村）,総務省・デジタル庁等,https://www.soumu.go.jp/main_content/001048599.zip,9_採点根拠,不明,2026-09-16,A,検証済（第1〜5回DRの証拠をルーブリックで再判定）,総務省2024年度調査で「全庁的・横断的な推進体制あり」と回答（第5回DRが11市すべてで確認） ／ 判定理由: 全庁的・横断的な推進体制の存在は確認できたが、設置要綱等の規程本文は未確認のため半点（2点）
S086,沖縄市,II-1_電子申請基盤の運用,2.5/5点・部分点,令和6年度 自治体DX・情報化推進概要 個別資料（行政サービスの向上・高度化（市区町村））,総務省・デジタル庁等,https://www.soumu.go.jp/main_content/001048599.zip,9_採点根拠,不明,2026-09-16,A,検証済（第1〜5回DRの証拠をルーブリックで再判定）,汎用的電子申請システムについて「令和6年度以降に導入予定」と回答（第4回DR・自治体別Excel） ／ 判定理由: ルーブリックの「導入予定の公表のみ」に該当（2.5点）。2026年時点の稼働は未確認のため満点にしない
S087,沖縄市,II-3_書かない窓口・窓口DX,0/5点・確認済み0点,令和6年度 自治体DX・情報化推進概要 個別資料（２）自治体フロントヤード改革取組状況等（市区町村）,総務省・デジタル庁等,https://www.soumu.go.jp/main_content/001048599.zip,9_採点根拠,不明,2026-09-16,B,検証済（第1〜5回DRの証拠をルーブリックで再判定）,総務省2024年度フロントヤード改革調査で書かない窓口の取組を選択していない（第5回DRの11市横断確認） ／ 判定理由: R3導出：総務省2024年度横断調査（11市収録）で当該取組を選択しておらず、第5回DRの「取組あり」列挙にも含まれない。非選択＝確認済み0点として確定。未確認ではない
S088,沖縄市,II-4_キャッシュレス収納,0/5点・確認済み0点,令和6年度 自治体DX・情報化推進概要 個別資料（行政サービスの向上・高度化（市区町村））,総務省・デジタル庁等,https://www.soumu.go.jp/main_content/001048599.zip,9_採点根拠,不明,2026-09-16,B,検証済（第1〜5回DRの証拠をルーブリックで再判定）,総務省2024年度調査でキャッシュレス収納の該当項目を選択していない（第5回DRが明示的に確認済み0点と整理） ／ 判定理由: R3導出：総務省2024年度横断調査（11市収録）で当該取組を選択しておらず、第5回DRの「取組あり」列挙にも含まれない。非選択＝確認済み0点として確定。未確認ではない
S089,沖縄市,III-1_電子決裁・文書管理,2.5/5点・部分点,令和6年度 自治体DX・情報化推進概要 個別資料（行政サービスの向上・高度化（市区町村））,総務省・デジタル庁等,https://www.soumu.go.jp/main_content/001048599.zip,9_採点根拠,不明,2026-09-16,A,検証済（第1〜5回DRの証拠をルーブリックで再判定）,文書管理システムに電子決裁機能があり決裁率を把握していると回答（第4回DR・自治体別Excel） ／ 判定理由: 導入の確認にとどまる。満点条件「全庁導入かつ電子決裁率を公表」は未確認のため半点（2.5点）。総務省調査の「決裁率を把握している」は決裁率の公表とは異なる
S090,沖縄市,III-3_生成AIの業務利用,2.5/5点・部分点,沖縄市DX推進計画の概要／生成AIサービス利用契約（2025年8月〜）,沖縄市,https://www.city.okinawa.okinawa.jp/documents/16478/dxsuishinkeikakugaiyou.pdf,9_採点根拠,不明,2026-09-16,B,検証済（第1〜5回DRの証拠をルーブリックで再判定）,2025年8月からの生成AIサービス利用契約を確認（第5回DR） ／ 判定理由: 利用ガイドラインの公表と全庁利用は未確認のため半点（2.5点）。第5回DRの満点候補は採用しない
S091,沖縄市,V-1_育成方針・研修体系,2.5/5点・部分点,令和6年度 自治体DX・情報化推進概要 個別資料（１）自治体DXの推進体制等（市区町村）,総務省・デジタル庁等,https://www.soumu.go.jp/main_content/001048599.zip,9_採点根拠,不明,2026-09-16,A,検証済（第1〜5回DRの証拠をルーブリックで再判定）,総務省2024年度調査で職員のデジタル人材育成（研修）の実施を確認（第5回DRが10市で確認） ／ 判定理由: 研修実施の確認にとどまり、育成方針・計画の策定公表は未確認のため半点（2.5点）
S092,沖縄市,V-2_外部専門人材の活用,0/5点・確認済み0点,令和6年度 自治体DX・情報化推進概要 個別資料（１）自治体DXの推進体制等（市区町村）,総務省・デジタル庁等,https://www.soumu.go.jp/main_content/001048599.zip,9_採点根拠,不明,2026-09-16,A,検証済（第1〜5回DRの証拠をルーブリックで再判定）,総務省2024年度調査時点で外部デジタル人材の任用「なし」（第5回DRが「あり」5市を列挙し、その他はなしと明記） ／ 判定理由: 公的調査における明示的な不存在回答。確認済み0点であり未確認ではない
S093,沖縄市,V-3_デジタル人材の採用・配置,0/5点・確認済み0点,令和6年度 自治体DX・情報化推進概要 個別資料（１）自治体DXの推進体制等（市区町村）,総務省・デジタル庁等,https://www.soumu.go.jp/main_content/001048599.zip,9_採点根拠,不明,2026-09-16,B,検証済（第1〜5回DRの証拠をルーブリックで再判定）,総務省2024年度調査でデジタル職種・採用区分「なし」（第5回DRが「あり」4市を列挙） ／ 判定理由: R3導出：総務省2024年度横断調査（11市収録）で当該取組を選択しておらず、第5回DRの「取組あり」列挙にも含まれない。非選択＝確認済み0点として確定。未確認ではない
S094,沖縄市,VI-1_LINE等を活用した行政サービス,4/4点・満点,沖縄市DX推進計画の概要,沖縄市,https://www.city.okinawa.okinawa.jp/documents/16478/dxsuishinkeikakugaiyou.pdf,9_採点根拠,不明,2026-09-16,A,検証済（第1〜5回DRの証拠をルーブリックで再判定）,申請・通報等の双方向サービスを確認（第5回DR） ／ 判定理由: 手続・通報等の双方向機能を確認したため満点（4点）。第5回DRの5点候補は配点超過のため採用しない
S095,沖縄市,VI-3_オープンデータ,2/4点・部分点,沖縄市データポータルサイト,沖縄市,https://www.city.okinawa.okinawa.jp/k010-004/contents/p00014.html,9_採点根拠,不明,2026-09-16,A,検証済（第1〜5回DRの証拠をルーブリックで再判定）,デジタル庁「地方公共団体オープンデータ取組済自治体一覧」（2026-06-30）に掲載。オープンデータ公開ページ／カタログ掲載を11市すべてで確認（第5回DR） ／ 判定理由: 推奨データセットの公開と更新継続を全市同条件で確認できないため半点（2点）
S096,豊見城市,I-1_DX推進計画・方針の策定,6/6点・満点,「豊見城市デジタルファースト宣言」について,豊見城市,https://www.city.tomigusuku.lg.jp/soshiki/1/1007/gyomuannai/8/1/1/780.html,9_採点根拠,不明,2026-09-16,B,検証済（第1〜5回DRの証拠をルーブリックで再判定）,首長名で独立したデジタル推進方針を公表。第5回DRは総務省調査・市計画により全体方針ありと確認 ／ 判定理由: 独立したDX推進計画・推進方針を策定・公表しているため満点（6点）。※方針文書の名称までは第5回DRが明示しておらず、次回の再確認対象
S097,豊見城市,I-2_計画の現行性,4/4点・満点,「豊見城市デジタルファースト宣言」について,豊見城市,https://www.city.tomigusuku.lg.jp/soshiki/1/1007/gyomuannai/8/1/1/780.html,9_採点根拠,不明,2026-09-16,B,検証済（第1〜5回DRの証拠をルーブリックで再判定）,第5回DRが現行計画であることを確認 ／ 判定理由: 調査時点（2026年9月15日）が計画期間内であるため満点（4点）。※計画名・期間の明示は未確認のため確度B
S098,豊見城市,I-3_全庁的推進本部の設置,2/5点・部分点,令和6年度 自治体DX・情報化推進概要 個別資料（１）自治体DXの推進体制等（市区町村）,総務省・デジタル庁等,https://www.soumu.go.jp/main_content/001048599.zip,9_採点根拠,不明,2026-09-16,A,検証済（第1〜5回DRの証拠をルーブリックで再判定）,総務省2024年度調査で「全庁的・横断的な推進体制あり」と回答（第5回DRが11市すべてで確認） ／ 判定理由: 全庁的・横断的な推進体制の存在は確認できたが、設置要綱等の規程本文は未確認のため半点（2点）
S099,豊見城市,II-1_電子申請基盤の運用,5/5点・満点,令和6年度 自治体DX・情報化推進概要 個別資料（行政サービスの向上・高度化（市区町村））,総務省・デジタル庁等,https://www.soumu.go.jp/main_content/001048599.zip,9_採点根拠,不明,2026-09-16,A,検証済（第1〜5回DRの証拠をルーブリックで再判定）,汎用的電子申請システムについて「導入済み」と回答（第4回DR・自治体別Excel） ／ 判定理由: 稼働中の電子申請窓口を確認したため満点（5点）
S100,豊見城市,II-3_書かない窓口・窓口DX,0/5点・確認済み0点,令和6年度 自治体DX・情報化推進概要 個別資料（２）自治体フロントヤード改革取組状況等（市区町村）,総務省・デジタル庁等,https://www.soumu.go.jp/main_content/001048599.zip,9_採点根拠,不明,2026-09-16,B,検証済（第1〜5回DRの証拠をルーブリックで再判定）,総務省2024年度フロントヤード改革調査で書かない窓口の取組を選択していない（第5回DRの11市横断確認） ／ 判定理由: R3導出：総務省2024年度横断調査（11市収録）で当該取組を選択しておらず、第5回DRの「取組あり」列挙にも含まれない。非選択＝確認済み0点として確定。未確認ではない
S101,豊見城市,II-4_キャッシュレス収納,0/5点・確認済み0点,令和6年度 自治体DX・情報化推進概要 個別資料（行政サービスの向上・高度化（市区町村））,総務省・デジタル庁等,https://www.soumu.go.jp/main_content/001048599.zip,9_採点根拠,不明,2026-09-16,B,検証済（第1〜5回DRの証拠をルーブリックで再判定）,総務省2024年度調査でキャッシュレス収納の該当項目を選択していない（第5回DRが明示的に確認済み0点と整理） ／ 判定理由: R3導出：総務省2024年度横断調査（11市収録）で当該取組を選択しておらず、第5回DRの「取組あり」列挙にも含まれない。非選択＝確認済み0点として確定。未確認ではない
S102,豊見城市,III-1_電子決裁・文書管理,2.5/5点・部分点,令和6年度 自治体DX・情報化推進概要 個別資料（行政サービスの向上・高度化（市区町村））,総務省・デジタル庁等,https://www.soumu.go.jp/main_content/001048599.zip,9_採点根拠,不明,2026-09-16,A,検証済（第1〜5回DRの証拠をルーブリックで再判定）,財務会計・文書管理システムに電子決裁機能ありと回答（第4回DR・自治体別Excel） ／ 判定理由: 導入の確認にとどまる。満点条件「全庁導入かつ電子決裁率を公表」は未確認のため半点（2.5点）。総務省調査の「決裁率を把握している」は決裁率の公表とは異なる
S103,豊見城市,V-1_育成方針・研修体系,2.5/5点・部分点,令和6年度 自治体DX・情報化推進概要 個別資料（１）自治体DXの推進体制等（市区町村）,総務省・デジタル庁等,https://www.soumu.go.jp/main_content/001048599.zip,9_採点根拠,不明,2026-09-16,A,検証済（第1〜5回DRの証拠をルーブリックで再判定）,総務省2024年度調査で職員のデジタル人材育成（研修）の実施を確認（第5回DRが10市で確認） ／ 判定理由: 研修実施の確認にとどまり、育成方針・計画の策定公表は未確認のため半点（2.5点）
S104,豊見城市,V-2_外部専門人材の活用,0/5点・確認済み0点,令和6年度 自治体DX・情報化推進概要 個別資料（１）自治体DXの推進体制等（市区町村）,総務省・デジタル庁等,https://www.soumu.go.jp/main_content/001048599.zip,9_採点根拠,不明,2026-09-16,A,検証済（第1〜5回DRの証拠をルーブリックで再判定）,総務省2024年度調査時点で外部デジタル人材の任用「なし」（第5回DRが「あり」5市を列挙し、その他はなしと明記） ／ 判定理由: 公的調査における明示的な不存在回答。確認済み0点であり未確認ではない
S105,豊見城市,V-3_デジタル人材の採用・配置,0/5点・確認済み0点,令和6年度 自治体DX・情報化推進概要 個別資料（１）自治体DXの推進体制等（市区町村）,総務省・デジタル庁等,https://www.soumu.go.jp/main_content/001048599.zip,9_採点根拠,不明,2026-09-16,B,検証済（第1〜5回DRの証拠をルーブリックで再判定）,総務省2024年度調査でデジタル職種・採用区分「なし」（第5回DRが「あり」4市を列挙） ／ 判定理由: R3導出：総務省2024年度横断調査（11市収録）で当該取組を選択しておらず、第5回DRの「取組あり」列挙にも含まれない。非選択＝確認済み0点として確定。未確認ではない
S106,豊見城市,VI-3_オープンデータ,2/4点・部分点,デジタル庁「地方公共団体オープンデータ取組済自治体一覧」,総務省・デジタル庁等,https://www.digital.go.jp/resources/open_data,9_採点根拠,不明,2026-09-16,A,検証済（第1〜5回DRの証拠をルーブリックで再判定）,デジタル庁「地方公共団体オープンデータ取組済自治体一覧」（2026-06-30）に掲載。オープンデータ公開ページ／カタログ掲載を11市すべてで確認（第5回DR） ／ 判定理由: 推奨データセットの公開と更新継続を全市同条件で確認できないため半点（2点）
S107,うるま市,I-1_DX推進計画・方針の策定,3/6点・部分点,地域情報化計画について,うるま市,https://www.city.uruma.lg.jp/1002004000/contents/1813.html,9_採点根拠,不明,2026-09-16,B,検証済（第1〜5回DRの証拠をルーブリックで再判定）,DX単独計画ではなく地域情報化計画がDX推進の根拠計画（第1回DR）。独立したDX推進計画・方針の策定は未確認 ／ 判定理由: 関連計画（地域情報化計画）への包含にとどまるためルーブリックの半点条件に該当（3点）
S108,うるま市,I-3_全庁的推進本部の設置,5/5点・満点,うるま市DX推進本部設置要綱,うるま市,https://www1.g-reiki.net/uruma/reiki_honbun/r170RG00002011.html,9_採点根拠,不明,2026-09-16,A,検証済（第1〜5回DRの証拠をルーブリックで再判定）,第4条「本部長は最高情報統括責任者(CIO)」第9条「庶務は総務部DX推進課において処理」 ／ 判定理由: 設置要綱という規程本文を直接確認したため満点（5点）
S109,うるま市,II-1_電子申請基盤の運用,5/5点・満点,令和6年度 自治体DX・情報化推進概要 個別資料（行政サービスの向上・高度化（市区町村））,総務省・デジタル庁等,https://www.soumu.go.jp/main_content/001048599.zip,9_採点根拠,不明,2026-09-16,A,検証済（第1〜5回DRの証拠をルーブリックで再判定）,汎用的電子申請システムについて「導入済み」と回答（第4回DR・自治体別Excel） ／ 判定理由: 稼働中の電子申請窓口を確認したため満点（5点）
S110,うるま市,II-3_書かない窓口・窓口DX,2.5/5点・部分点,マイナンバーカード活用事例一覧（デジタル庁）／令和6年度 自治体DX・情報化推進概要 個別資料（２）自治体フロントヤード改革取組状況等（市区町村）,総務省・デジタル庁等,https://www.soumu.go.jp/main_content/001048599.zip,9_採点根拠,不明,2026-09-16,A,検証済（第1〜5回DRの証拠をルーブリックで再判定）,マイナンバーカードを活用した窓口サービスを確認（第5回DR） ／ 判定理由: 一部窓口での運用にとどまるため半点（2.5点）
S111,うるま市,II-4_キャッシュレス収納,0/5点・確認済み0点,令和6年度 自治体DX・情報化推進概要 個別資料（行政サービスの向上・高度化（市区町村））,総務省・デジタル庁等,https://www.soumu.go.jp/main_content/001048599.zip,9_採点根拠,不明,2026-09-16,B,検証済（第1〜5回DRの証拠をルーブリックで再判定）,総務省2024年度調査でキャッシュレス収納の該当項目を選択していない（第5回DRが明示的に確認済み0点と整理） ／ 判定理由: R3導出：総務省2024年度横断調査（11市収録）で当該取組を選択しておらず、第5回DRの「取組あり」列挙にも含まれない。非選択＝確認済み0点として確定。未確認ではない
S112,うるま市,III-1_電子決裁・文書管理,2.5/5点・部分点,令和6年度 自治体DX・情報化推進概要 個別資料（行政サービスの向上・高度化（市区町村））,総務省・デジタル庁等,https://www.soumu.go.jp/main_content/001048599.zip,9_採点根拠,不明,2026-09-16,A,検証済（第1〜5回DRの証拠をルーブリックで再判定）,財務会計・文書管理システムに電子決裁機能ありと回答（第4回DR・自治体別Excel） ／ 判定理由: 導入の確認にとどまる。満点条件「全庁導入かつ電子決裁率を公表」は未確認のため半点（2.5点）。総務省調査の「決裁率を把握している」は決裁率の公表とは異なる
S113,うるま市,IV-1_BPR・業務改善の専管組織／推進体制,5/5点・満点,各課のご案内（行政マネジメント課／事務事業イノベーション推進室）,うるま市,https://www.city.uruma.lg.jp/1001004000/contents/863.html,9_採点根拠,不明,2026-09-16,A,検証済（第1〜5回DRの証拠をルーブリックで再判定）,行政マネジメント課が定員管理・行革を所掌し、事務事業イノベーション推進室を機構図で確認 ／ 判定理由: 行革・業務改善の専管組織が存在するため満点（5点）
S114,うるま市,V-1_育成方針・研修体系,2.5/5点・部分点,令和6年度 自治体DX・情報化推進概要 個別資料（１）自治体DXの推進体制等（市区町村）,総務省・デジタル庁等,https://www.soumu.go.jp/main_content/001048599.zip,9_採点根拠,不明,2026-09-16,A,検証済（第1〜5回DRの証拠をルーブリックで再判定）,総務省2024年度調査で職員のデジタル人材育成（研修）の実施を確認（第5回DRが10市で確認） ／ 判定理由: 研修実施の確認にとどまり、育成方針・計画の策定公表は未確認のため半点（2.5点）
S115,うるま市,V-2_外部専門人材の活用,0/5点・確認済み0点,令和6年度 自治体DX・情報化推進概要 個別資料（１）自治体DXの推進体制等（市区町村）,総務省・デジタル庁等,https://www.soumu.go.jp/main_content/001048599.zip,9_採点根拠,不明,2026-09-16,A,検証済（第1〜5回DRの証拠をルーブリックで再判定）,総務省2024年度調査時点で外部デジタル人材の任用「なし」（第5回DRが「あり」5市を列挙し、その他はなしと明記） ／ 判定理由: 公的調査における明示的な不存在回答。確認済み0点であり未確認ではない
S116,うるま市,V-3_デジタル人材の採用・配置,5/5点・満点,令和6年度 自治体DX・情報化推進概要 個別資料（１）自治体DXの推進体制等（市区町村）,総務省・デジタル庁等,https://www.soumu.go.jp/main_content/001048599.zip,9_採点根拠,不明,2026-09-16,A,検証済（第1〜5回DRの証拠をルーブリックで再判定）,総務省2024年度調査でデジタル職種・採用区分「あり」／4人と回答（第5回DR） ／ 判定理由: ICT区分採用・専門職配置を確認したため満点（5点）
S117,うるま市,VI-2_マイナンバーカード活用サービス,4/4点・満点,マイナンバーカード活用事例一覧（デジタル庁）／J-LISコンビニ交付提供市区町村,総務省・デジタル庁等,https://www.lg-waps.go.jp/01-04.html,9_採点根拠,不明,2026-09-16,A,検証済（第1〜5回DRの証拠をルーブリックで再判定）,コンビニ交付に加えマイナンバーカード連携窓口サービスを確認（第5回DR） ／ 判定理由: コンビニ交付＋独自活用を確認したため満点（4点）
S118,うるま市,VI-3_オープンデータ,2/4点・部分点,デジタル庁「地方公共団体オープンデータ取組済自治体一覧」,総務省・デジタル庁等,https://www.digital.go.jp/resources/open_data,9_採点根拠,不明,2026-09-16,A,検証済（第1〜5回DRの証拠をルーブリックで再判定）,デジタル庁「地方公共団体オープンデータ取組済自治体一覧」（2026-06-30）に掲載。オープンデータ公開ページ／カタログ掲載を11市すべてで確認（第5回DR） ／ 判定理由: 推奨データセットの公開と更新継続を全市同条件で確認できないため半点（2点）
S119,宮古島市,I-3_全庁的推進本部の設置,2/5点・部分点,令和6年度 自治体DX・情報化推進概要 個別資料（１）自治体DXの推進体制等（市区町村）,総務省・デジタル庁等,https://www.soumu.go.jp/main_content/001048599.zip,9_採点根拠,不明,2026-09-16,A,検証済（第1〜5回DRの証拠をルーブリックで再判定）,総務省2024年度調査で「全庁的・横断的な推進体制あり」と回答（第5回DRが11市すべてで確認） ／ 判定理由: 全庁的・横断的な推進体制の存在は確認できたが、設置要綱等の規程本文は未確認のため半点（2点）
S120,宮古島市,II-1_電子申請基盤の運用,2.5/5点・部分点,令和6年度 自治体DX・情報化推進概要 個別資料（行政サービスの向上・高度化（市区町村））,総務省・デジタル庁等,https://www.soumu.go.jp/main_content/001048599.zip,9_採点根拠,不明,2026-09-16,A,検証済（第1〜5回DRの証拠をルーブリックで再判定）,汎用的電子申請システムについて「令和6年度以降に導入予定」と回答（第4回DR・自治体別Excel） ／ 判定理由: ルーブリックの「導入予定の公表のみ」に該当（2.5点）。2026年時点の稼働は未確認のため満点にしない
S121,宮古島市,II-3_書かない窓口・窓口DX,0/5点・確認済み0点,令和6年度 自治体DX・情報化推進概要 個別資料（２）自治体フロントヤード改革取組状況等（市区町村）,総務省・デジタル庁等,https://www.soumu.go.jp/main_content/001048599.zip,9_採点根拠,不明,2026-09-16,B,検証済（第1〜5回DRの証拠をルーブリックで再判定）,総務省2024年度フロントヤード改革調査で書かない窓口の取組を選択していない（第5回DRの11市横断確認） ／ 判定理由: R3導出：総務省2024年度横断調査（11市収録）で当該取組を選択しておらず、第5回DRの「取組あり」列挙にも含まれない。非選択＝確認済み0点として確定。未確認ではない
S122,宮古島市,II-4_キャッシュレス収納,0/5点・確認済み0点,令和6年度 自治体DX・情報化推進概要 個別資料（行政サービスの向上・高度化（市区町村））,総務省・デジタル庁等,https://www.soumu.go.jp/main_content/001048599.zip,9_採点根拠,不明,2026-09-16,B,検証済（第1〜5回DRの証拠をルーブリックで再判定）,総務省2024年度調査でキャッシュレス収納の該当項目を選択していない（第5回DRが明示的に確認済み0点と整理） ／ 判定理由: R3導出：総務省2024年度横断調査（11市収録）で当該取組を選択しておらず、第5回DRの「取組あり」列挙にも含まれない。非選択＝確認済み0点として確定。未確認ではない
S123,宮古島市,III-1_電子決裁・文書管理,2.5/5点・部分点,令和6年度 自治体DX・情報化推進概要 個別資料（行政サービスの向上・高度化（市区町村））,総務省・デジタル庁等,https://www.soumu.go.jp/main_content/001048599.zip,9_採点根拠,不明,2026-09-16,A,検証済（第1〜5回DRの証拠をルーブリックで再判定）,人事給与・財務会計・文書管理の3システムに電子決裁機能ありと回答（第4回DR・自治体別Excel） ／ 判定理由: 導入の確認にとどまる。満点条件「全庁導入かつ電子決裁率を公表」は未確認のため半点（2.5点）。総務省調査の「決裁率を把握している」は決裁率の公表とは異なる
S124,宮古島市,V-1_育成方針・研修体系,2.5/5点・部分点,令和6年度 自治体DX・情報化推進概要 個別資料（１）自治体DXの推進体制等（市区町村）,総務省・デジタル庁等,https://www.soumu.go.jp/main_content/001048599.zip,9_採点根拠,不明,2026-09-16,A,検証済（第1〜5回DRの証拠をルーブリックで再判定）,総務省2024年度調査で職員のデジタル人材育成（研修）の実施を確認（第5回DRが10市で確認） ／ 判定理由: 研修実施の確認にとどまり、育成方針・計画の策定公表は未確認のため半点（2.5点）
S125,宮古島市,V-2_外部専門人材の活用,5/5点・満点,令和6年度 自治体DX・情報化推進概要 個別資料（１）自治体DXの推進体制等（市区町村）,総務省・デジタル庁等,https://www.soumu.go.jp/main_content/001048599.zip,9_採点根拠,不明,2026-09-16,A,検証済（第1〜5回DRの証拠をルーブリックで再判定）,総務省2024年度調査で外部デジタル人材の任用を確認（第5回DR） ／ 判定理由: 外部専門人材の任用を確認したため満点（5点）
S126,宮古島市,V-3_デジタル人材の採用・配置,0/5点・確認済み0点,令和6年度 自治体DX・情報化推進概要 個別資料（１）自治体DXの推進体制等（市区町村）,総務省・デジタル庁等,https://www.soumu.go.jp/main_content/001048599.zip,9_採点根拠,不明,2026-09-16,B,検証済（第1〜5回DRの証拠をルーブリックで再判定）,総務省2024年度調査でデジタル職種・採用区分「なし」（第5回DRが「あり」4市を列挙） ／ 判定理由: R3導出：総務省2024年度横断調査（11市収録）で当該取組を選択しておらず、第5回DRの「取組あり」列挙にも含まれない。非選択＝確認済み0点として確定。未確認ではない
S127,宮古島市,VI-3_オープンデータ,2/4点・部分点,宮古島市オープンデータ,宮古島市,https://www.city.miyakojima.lg.jp/soshiki/shityo/kikaku/jyouhou/2023-01_opendata.html,9_採点根拠,不明,2026-09-16,A,検証済（第1〜5回DRの証拠をルーブリックで再判定）,デジタル庁「地方公共団体オープンデータ取組済自治体一覧」（2026-06-30）に掲載。オープンデータ公開ページ／カタログ掲載を11市すべてで確認（第5回DR） ／ 判定理由: 推奨データセットの公開と更新継続を全市同条件で確認できないため半点（2点）
S128,南城市,I-1_DX推進計画・方針の策定,6/6点・満点,南城市DX推進計画,南城市,https://www.city.nanjo.okinawa.jp/userfiles/files/dxsuishinkeikaku.pdf,9_採点根拠,不明,2026-09-16,B,検証済（第1〜5回DRの証拠をルーブリックで再判定）,独立した南城市DX推進計画の策定・公表を確認（第1回DR）。第5回DRが現行計画であることを確認 ／ 判定理由: 独立したDX推進計画・推進方針を策定・公表しているため満点（6点）
S129,南城市,I-2_計画の現行性,4/4点・満点,南城市DX推進計画,南城市,https://www.city.nanjo.okinawa.jp/userfiles/files/dxsuishinkeikaku.pdf,9_採点根拠,不明,2026-09-16,B,検証済（第1〜5回DRの証拠をルーブリックで再判定）,第5回DRが現行計画であることを確認 ／ 判定理由: 調査時点（2026年9月15日）が計画期間内であるため満点（4点）
S130,南城市,I-3_全庁的推進本部の設置,2/5点・部分点,令和6年度 自治体DX・情報化推進概要 個別資料（１）自治体DXの推進体制等（市区町村）,総務省・デジタル庁等,https://www.soumu.go.jp/main_content/001048599.zip,9_採点根拠,不明,2026-09-16,A,検証済（第1〜5回DRの証拠をルーブリックで再判定）,総務省2024年度調査で「全庁的・横断的な推進体制あり」と回答（第5回DRが11市すべてで確認） ／ 判定理由: 全庁的・横断的な推進体制の存在は確認できたが、設置要綱等の規程本文は未確認のため半点（2点）
S131,南城市,II-1_電子申請基盤の運用,5/5点・満点,令和6年度 自治体DX・情報化推進概要 個別資料（行政サービスの向上・高度化（市区町村））,総務省・デジタル庁等,https://www.soumu.go.jp/main_content/001048599.zip,9_採点根拠,不明,2026-09-16,A,検証済（第1〜5回DRの証拠をルーブリックで再判定）,汎用的電子申請システムについて「導入済み」と回答（第4回DR・自治体別Excel） ／ 判定理由: 稼働中の電子申請窓口を確認したため満点（5点）
S132,南城市,II-3_書かない窓口・窓口DX,2.5/5点・部分点,マイナンバーカード活用事例一覧（デジタル庁）／令和6年度 自治体DX・情報化推進概要 個別資料（２）自治体フロントヤード改革取組状況等（市区町村）,総務省・デジタル庁等,https://www.soumu.go.jp/main_content/001048599.zip,9_採点根拠,不明,2026-09-16,A,検証済（第1〜5回DRの証拠をルーブリックで再判定）,マイナンバーカードを活用した窓口サービスを確認（第5回DR） ／ 判定理由: 一部窓口での運用にとどまるため半点（2.5点）
S133,南城市,II-4_キャッシュレス収納,0/5点・確認済み0点,令和6年度 自治体DX・情報化推進概要 個別資料（行政サービスの向上・高度化（市区町村））,総務省・デジタル庁等,https://www.soumu.go.jp/main_content/001048599.zip,9_採点根拠,不明,2026-09-16,B,検証済（第1〜5回DRの証拠をルーブリックで再判定）,総務省2024年度調査でキャッシュレス収納の該当項目を選択していない（第5回DRが明示的に確認済み0点と整理） ／ 判定理由: R3導出：総務省2024年度横断調査（11市収録）で当該取組を選択しておらず、第5回DRの「取組あり」列挙にも含まれない。非選択＝確認済み0点として確定。未確認ではない
S134,南城市,III-1_電子決裁・文書管理,2.5/5点・部分点,令和6年度 自治体DX・情報化推進概要 個別資料（行政サービスの向上・高度化（市区町村））,総務省・デジタル庁等,https://www.soumu.go.jp/main_content/001048599.zip,9_採点根拠,不明,2026-09-16,A,検証済（第1〜5回DRの証拠をルーブリックで再判定）,財務会計・文書管理システムに電子決裁機能ありと回答（第4回DR・自治体別Excel） ／ 判定理由: 導入の確認にとどまる。満点条件「全庁導入かつ電子決裁率を公表」は未確認のため半点（2.5点）。総務省調査の「決裁率を把握している」は決裁率の公表とは異なる
S135,南城市,III-2_RPA・AI-OCR,2.5/5点・部分点,南城市DX推進計画（RPA・AI-OCRシステム構築事業）,南城市,https://www.city.nanjo.okinawa.jp/userfiles/files/dxsuishinkeikaku.pdf,9_採点根拠,不明,2026-09-16,A,検証済（第1〜5回DRの証拠をルーブリックで再判定）,RPA・AI-OCRシステム構築事業の実施を確認（第5回DR）。対象業務・効果の公表は未確認 ／ 判定理由: 導入の確認にとどまるため半点（2.5点）
S136,南城市,V-1_育成方針・研修体系,2.5/5点・部分点,令和6年度 自治体DX・情報化推進概要 個別資料（１）自治体DXの推進体制等（市区町村）,総務省・デジタル庁等,https://www.soumu.go.jp/main_content/001048599.zip,9_採点根拠,不明,2026-09-16,A,検証済（第1〜5回DRの証拠をルーブリックで再判定）,総務省2024年度調査で職員のデジタル人材育成（研修）の実施を確認（第5回DRが10市で確認） ／ 判定理由: 研修実施の確認にとどまり、育成方針・計画の策定公表は未確認のため半点（2.5点）
S137,南城市,V-2_外部専門人材の活用,0/5点・確認済み0点,令和6年度 自治体DX・情報化推進概要 個別資料（１）自治体DXの推進体制等（市区町村）,総務省・デジタル庁等,https://www.soumu.go.jp/main_content/001048599.zip,9_採点根拠,不明,2026-09-16,A,検証済（第1〜5回DRの証拠をルーブリックで再判定）,総務省2024年度調査時点で外部デジタル人材の任用「なし」（第5回DRが「あり」5市を列挙し、その他はなしと明記） ／ 判定理由: 公的調査における明示的な不存在回答。確認済み0点であり未確認ではない
S138,南城市,V-3_デジタル人材の採用・配置,0/5点・確認済み0点,令和6年度 自治体DX・情報化推進概要 個別資料（１）自治体DXの推進体制等（市区町村）,総務省・デジタル庁等,https://www.soumu.go.jp/main_content/001048599.zip,9_採点根拠,不明,2026-09-16,B,検証済（第1〜5回DRの証拠をルーブリックで再判定）,総務省2024年度調査でデジタル職種・採用区分「なし」（第5回DRが「あり」4市を列挙） ／ 判定理由: R3導出：総務省2024年度横断調査（11市収録）で当該取組を選択しておらず、第5回DRの「取組あり」列挙にも含まれない。非選択＝確認済み0点として確定。未確認ではない
S139,南城市,VI-1_LINE等を活用した行政サービス,4/4点・満点,南城市DX推進計画（LINE）,南城市,https://www.city.nanjo.okinawa.jp/userfiles/files/dxsuishinkeikaku.pdf,9_採点根拠,不明,2026-09-16,A,検証済（第1〜5回DRの証拠をルーブリックで再判定）,LINEで粗大ごみ申請・健診予約・災害通報等を提供（第5回DR） ／ 判定理由: 手続・通報等の双方向機能を確認したため満点（4点）。第5回DRの5点候補は配点超過のため採用しない
S140,南城市,VI-2_マイナンバーカード活用サービス,4/4点・満点,マイナンバーカード活用事例一覧（デジタル庁）／J-LISコンビニ交付提供市区町村,総務省・デジタル庁等,https://www.lg-waps.go.jp/01-04.html,9_採点根拠,不明,2026-09-16,A,検証済（第1〜5回DRの証拠をルーブリックで再判定）,コンビニ交付に加えマイナンバーカード連携窓口サービスを確認（第5回DR） ／ 判定理由: コンビニ交付＋独自活用を確認したため満点（4点）
S141,南城市,VI-3_オープンデータ,2/4点・部分点,デジタル庁「地方公共団体オープンデータ取組済自治体一覧」,総務省・デジタル庁等,https://www.digital.go.jp/resources/open_data,9_採点根拠,不明,2026-09-16,A,検証済（第1〜5回DRの証拠をルーブリックで再判定）,デジタル庁「地方公共団体オープンデータ取組済自治体一覧」（2026-06-30）に掲載。オープンデータ公開ページ／カタログ掲載を11市すべてで確認（第5回DR） ／ 判定理由: 推奨データセットの公開と更新継続を全市同条件で確認できないため半点（2点）
